Release,Year,Car,url,Stars
Toy Story 3,2010,opel meriva [a],vehicle_974788-Opel-Meriva.html,2
Toy Story 3,2010,2005 opel zafira [b],vehicle_974791-Opel-Zafira-2005.html,2
Toy Story 3,2010,1979 toyota truck,vehicle_349573-Toyota-Truck-RN30-1979.html,2
Iron Man 2,2010,2007 aston martin v8 vantage roadster,vehicle_339997-Aston-Martin-V8-Vantage-Roadster-2007.html,1
Iron Man 2,2010,bmw 3 [e90],vehicle_339991-BMW-3-E90.html,1
Iron Man 2,2010,2001 dodge caravan,vehicle_285456-Dodge-Caravan-RS-2001.html,1
Iron Man 2,2010,2005 ferrari f430 spider,vehicle_339995-Ferrari-F430-Spider-2005.html,1
Iron Man 2,2010,1977 fiat 900 t coriasco,vehicle_339989-Fiat-900-T-Coriasco-100GF-1977.html,1
Iron Man 2,2010,1987 ford bronco,vehicle_271001-Ford-Bronco-1987.html,1
Iron Man 2,2010,1932 ford model b,vehicle_339993-Ford-Model-B-1932.html,1
Iron Man 2,2010,1953 ghia cadillac,vehicle_305422-Ghia-Cadillac-1953.html,1
Iron Man 2,2010,1949 mercury coupe,vehicle_305423-Mercury-Coupe-9CM-72-1949.html,1
Iron Man 2,2010,piaggio mp3,vehicle_339992-Piaggio-MP3.html,1
Iron Man 2,2010,2008 piaggio vespa gtv 250,vehicle_341306-Piaggio-Vespa-GTV-250-2008.html,1
Iron Man 2,2010,2008 piaggio vespa s 150,vehicle_341304-Piaggio-Vespa-S-150-2008.html,1
Iron Man 2,2010,2009 rolls-royce phantom vii,vehicle_299563-Rolls-Royce-Phantom-VII-2009.html,3
Iron Man 2,2010,2008 rolls-royce phantom vii drophead coupé,vehicle_339998-Rolls-Royce-Phantom-VII-Drophead-Coupe-RR2-2008.html,1
Iron Man 2,2010,2010 t3 motion series esv,vehicle_341307-T3-Motion-Series-ESV-2010.html,1
Iron Man 2,2010,1979 toyota truck,vehicle_340002-Toyota-Truck-RN30-1979.html,1
Iron Man 2,2010,1978 wolf wr1 ford replica,vehicle_271000-Wolf-WR1-Ford-Replica-1978.html,3
Iron Man 2,2010,1986 yugo gv,vehicle_339990-Yugo-GV-102-1986.html,1
The Twilight Saga: Eclipse,2010,1963 chevrolet c-10,vehicle_359171-Chevrolet-C-10-1963.html,2
The Twilight Saga: Eclipse,2010,1978 chevrolet caprice classic,vehicle_359184-Chevrolet-Caprice-Classic-1978.html,2
The Twilight Saga: Eclipse,2010,1997 chevrolet k-1500,vehicle_359186-Chevrolet-K-1500-GMT400-1997.html,1
The Twilight Saga: Eclipse,2010,1980 ford bronco,vehicle_359189-Ford-Bronco-1980.html,1
The Twilight Saga: Eclipse,2010,ic ce,vehicle_359194-IC-CE.html,1
The Twilight Saga: Eclipse,2010,2007 mercedes-benz s 550 [w221],vehicle_359191-Mercedes-Benz-S-550-W221-2007.html,1
The Twilight Saga: Eclipse,2010,1982 oldsmobile cutlass ciera,vehicle_1324298-Oldsmobile-Cutlass-Ciera-1982.html,1
The Twilight Saga: Eclipse,2010,1995 toyota tercel,vehicle_1324300-Toyota-Tercel-EL53-1995.html,1
The Twilight Saga: Eclipse,2010,1981 volkswagen rabbit i [typ 17],vehicle_315725-Volkswagen-Rabbit-Typ-17-1981.html,2
The Twilight Saga: Eclipse,2010,yamaha tw 200,vehicle_359195-Yamaha-TW-200.html,2
Inception,2010,1998 acura cl,vehicle_870785-Acura-CL-YA-1998.html,1
Inception,2010,1984 bmw 3 [e30],vehicle_1299489-BMW-3-E30-1984.html,1
Inception,2010,1990 bmw 3 [e30],vehicle_355633-BMW-3-E30-1990.html,1
Inception,2010,1999 bmw 7 [e38],vehicle_320935-BMW-7-E38-1999.html,2
Inception,2010,1992 buick lesabre,vehicle_355662-Buick-LeSabre-1992.html,1
Inception,2010,2000 buick lesabre,vehicle_355638-Buick-LeSabre-GMX220-2000.html,1
Inception,2010,1997 cadillac deville,vehicle_355652-Cadillac-DeVille-1997.html,1
Inception,2010,1983 chrysler new yorker,vehicle_355650-Chrysler-New-Yorker-1983.html,1
Inception,2010,2006 citroën c3,vehicle_355614-Citroen-C3-2006.html,1
Inception,2010,2005 citroën c4,vehicle_1203998-Citroen-C4-2005.html,1
Inception,2010,1998 citroën xantia,vehicle_355620-Citroen-Xantia-1998.html,1
Inception,2010,daihatsu hijet,vehicle_323949-Daihatsu-Hijet-S80.html,2
Inception,2010,ducati streetfighter,vehicle_310267-Ducati-Streetfighter.html,2
Inception,2010,2002 fiat ducato,vehicle_355623-Fiat-Ducato-2002.html,1
Inception,2010,2006 fiat grande punto,vehicle_355612-Fiat-Grande-Punto-199-2006.html,1
Inception,2010,2003 ford e-350,vehicle_319274-Ford-E-350-2003.html,4
Inception,2010,1983 ford thunderbird,vehicle_310265-Ford-Thunderbird-1983.html,1
Inception,2010,1980 gmc rts,vehicle_355634-GMC-RTS-1980.html,1
Inception,2010,hummer,vehicle_319275-Hummer.html,3
Inception,2010,1996 infiniti i30,vehicle_1204000-Infiniti-I30-A32-1996.html,1
Inception,2010,1990 infiniti q45,vehicle_355644-Infiniti-Q45-G50-1990.html,1
Inception,2010,2003 kia carens,vehicle_1203995-Kia-Carens-2003.html,1
Inception,2010,2005 land-rover range rover sport,vehicle_355631-Land-Rover-Range-Rover-Sport-2005.html,2
Inception,2010,1987 mack mid-liner,vehicle_355637-Mack-Mid-Liner-1987.html,1
Inception,2010,2003 maybach 57 [w240],vehicle_324595-Maybach-57-W240-2003.html,2
Inception,2010,2005 mercedes-benz a-klasse [w169],vehicle_1203996-Mercedes-Benz-A-Klasse-W169-2005.html,1
Inception,2010,2009 mercedes-benz e-klasse [w212],vehicle_355624-Mercedes-Benz-E-Klasse-W212-2009.html,1
Inception,2010,2007 mercedes-benz gl [x164],vehicle_319276-Mercedes-Benz-GL-X164-2007.html,3
Inception,2010,2003 mercedes-benz s 320 [w220],vehicle_319273-Mercedes-Benz-S-320-W220-2003.html,2
Inception,2010,1993 mercury villager,vehicle_355632-Mercury-Villager-VX54-1993.html,1
Inception,2010,1980 mini 1000 mkiv,vehicle_355622-Mini-1000-ADO20-1980.html,1
Inception,2010,nissan micra,vehicle_1299481-Nissan-Micra-K11.html,1
Inception,2010,1999 oldsmobile alero,vehicle_355645-Oldsmobile-Alero-3NL37-1999.html,1
Inception,2010,2009 peugeot 107,vehicle_1299486-Peugeot-107-2009.html,1
Inception,2010,1999 peugeot 206,vehicle_355626-Peugeot-206-1999.html,1
Inception,2010,peugeot 306,vehicle_1299470-Peugeot-306.html,1
Inception,2010,2008 peugeot 308,vehicle_355618-Peugeot-308-T7-2008.html,1
Inception,2010,1997 peugeot 406 coupé,vehicle_355619-Peugeot-406-Coupe-1997.html,1
Inception,2010,renault 18,vehicle_1299477-Renault-18-X34.html,1
Inception,2010,2010 renault clio 3,vehicle_355615-Renault-Clio-X85-2010.html,1
Inception,2010,1998 renault master,vehicle_310268-Renault-Master-1998.html,1
Inception,2010,1993 renault twingo,vehicle_310269-Renault-Twingo-X06-1993.html,1
Inception,2010,1987 saab 900,vehicle_323761-SAAB-900-1987.html,1
Inception,2010,saab 9000 cd,vehicle_310266-SAAB-9000-CD.html,1
Inception,2010,1976 simca 1308,vehicle_355627-Simca-1308-C6-1976.html,1
Inception,2010,sterling acterra,vehicle_355635-Sterling-Acterra.html,1
Inception,2010,1990 toyota celica,vehicle_870786-Toyota-Celica-T180-1990.html,1
Inception,2010,1989 toyota truck,vehicle_355642-Toyota-Truck-RN80-1989.html,1
Inception,2010,1982 volkswagen derby ii [typ 86c],vehicle_355629-Volkswagen-Derby-Typ-86C-1982.html,1
Inception,2010,1999 volkswagen new beetle [typ 1c],vehicle_355641-Volkswagen-New-Beetle-Typ-1C-1999.html,1
Inception,2010,1986 volvo 740,vehicle_355640-Volvo-740-745-1986.html,1
Inception,2010,1986 volvo 760,vehicle_355643-Volvo-760-764-1986.html,1
Harry Potter and the Deathly Hallows: Part 1,2010,2002 bmw 3 [e46],vehicle_455548-BMW-3-E46-2002.html,1
Harry Potter and the Deathly Hallows: Part 1,2010,2000 bmw 330i [e46],vehicle_390047-BMW-330i-E46-2000.html,1
Harry Potter and the Deathly Hallows: Part 1,2010,1996 bmw 5 [e39],vehicle_455549-BMW-5-E39-1996.html,1
Harry Potter and the Deathly Hallows: Part 1,2010,2001 daf lf 45,vehicle_454290-DAF-LF-45-FA-2001.html,1
Harry Potter and the Deathly Hallows: Part 1,2010,dennis dart slf,vehicle_454308-Dennis-Dart-SLF.html,2
Harry Potter and the Deathly Hallows: Part 1,2010,1997 ford puma,vehicle_390037-Ford-Puma-1997.html,1
Harry Potter and the Deathly Hallows: Part 1,2010,iveco eurocargo,vehicle_350932-Iveco-Eurocargo.html,1
Harry Potter and the Deathly Hallows: Part 1,2010,lti txii,vehicle_455553-LTI-TXII.html,1
Harry Potter and the Deathly Hallows: Part 1,2010,mercedes-benz c-klasse [w204],vehicle_454300-Mercedes-Benz-C-Klasse-W204.html,1
Harry Potter and the Deathly Hallows: Part 1,2010,mercedes-benz clk [a208],vehicle_454298-Mercedes-Benz-CLK-A208.html,1
Harry Potter and the Deathly Hallows: Part 1,2010,mitsubishi l-200,vehicle_454285-Mitsubishi-L-200-K70.html,1
Harry Potter and the Deathly Hallows: Part 1,2010,peugeot partner,vehicle_454313-Peugeot-Partner.html,1
Harry Potter and the Deathly Hallows: Part 1,2010,2007 renault trafic,vehicle_454287-Renault-Trafic-X83-2007.html,1
Harry Potter and the Deathly Hallows: Part 1,2010,2009 royal enfield bullet,vehicle_365427-Royal-Enfield-Bullet-2009.html,3
Harry Potter and the Deathly Hallows: Part 1,2010,2007 škoda fabia,vehicle_454286-Skoda-Fabia-Typ-5J-2007.html,1
Harry Potter and the Deathly Hallows: Part 1,2010,2004 škoda octavia,vehicle_390042-Skoda-Octavia-Typ-1Z-2004.html,2
Harry Potter and the Deathly Hallows: Part 1,2010,2004 smart forfour,vehicle_455545-smart-Forfour-454-2004.html,1
Harry Potter and the Deathly Hallows: Part 1,2010,2003 toyota avensis,vehicle_454317-Toyota-Avensis-T250-2003.html,1
Harry Potter and the Deathly Hallows: Part 1,2010,2006 toyota previa,vehicle_390041-Toyota-Previa-ACR30-2006.html,1
Harry Potter and the Deathly Hallows: Part 1,2010,2006 toyota yaris,vehicle_390044-Toyota-Yaris-XP90-2006.html,1
Harry Potter and the Deathly Hallows: Part 1,2010,2006 vauxhall vectra mkii,vehicle_390039-Vauxhall-Vectra-2006.html,2
Harry Potter and the Deathly Hallows: Part 1,2010,2005 vauxhall zafira mkii,vehicle_455544-Vauxhall-Zafira-2005.html,1
Harry Potter and the Deathly Hallows: Part 1,2010,1955 vélosolex 660,vehicle_455554-VeloSoleX-660-1955.html,1
Harry Potter and the Deathly Hallows: Part 1,2010,1997 volvo olympian,vehicle_350912-Volvo-Olympian-1997.html,2
The Karate Kid,2010,2006 bmw 7 [e65],vehicle_331623-BMW-7-E65-2006.html,1
The Karate Kid,2010,2000 buick gl8,vehicle_371561-Buick-GL8-2000.html,1
The Karate Kid,2010,custom made,vehicle_331631-Custom-Made.html,2
The Karate Kid,2010,2008 dongfeng xiaokang,vehicle_331619-Dongfeng-Xiaokang-2008.html,2
The Karate Kid,2010,2008 dongfeng-nissan tiida,vehicle_331625-Dongfeng-Nissan-Tiida-C11-2008.html,1
The Karate Kid,2010,2007 foton ollin,vehicle_371558-Foton-Ollin-2007.html,1
The Karate Kid,2010,georgie boy cruise air,vehicle_331618-Georgie-Boy-Cruise-Air.html,1
The Karate Kid,2010,jinghua bk 6180,vehicle_613735-Jinghua-BK-6180.html,1
The Karate Kid,2010,nanjing-fiat palio,vehicle_331635-Nanjing-Fiat-Palio-178.html,1
The Karate Kid,2010,nissan cedric,vehicle_331632-Nissan-Cedric-Y31.html,1
The Karate Kid,2010,1999 pontiac montana,vehicle_314646-Pontiac-Montana-GMT200-1999.html,2
The Karate Kid,2010,1986 shanghai-volkswagen santana b2 [typ 32b],vehicle_331636-Shanghai-Volkswagen-Santana-Typ-32B-1986.html,1
The Karate Kid,2010,1983 volkswagen scirocco mkii [typ 53b],vehicle_331652-Volkswagen-Scirocco-Typ-53B-1983.html,3
Grown Ups,2010,bmw 5 [e60],vehicle_351082-BMW-5-E60.html,1
Grown Ups,2010,1996 cadillac eldorado,vehicle_351083-Cadillac-Eldorado-1996.html,3
Grown Ups,2010,1956 mack b-85,vehicle_351092-Mack-B-85-1956.html,1
Grown Ups,2010,1973 mg b gt,vehicle_351090-MG-B-GT-ADO23-1973.html,2
Grown Ups,2010,1972 volkswagen karmann ghia coupé [typ 14],vehicle_351091-Volkswagen-Karmann-Ghia-Coupe-Typ-14-1972.html,2
Megamind,2010,1949 buick,vehicle_393497-Buick-1949.html,3
Megamind,2010,ford pinto,vehicle_393504-Ford-Pinto.html,1
Shutter Island,2010,1947 buick roadmaster,vehicle_289158-Buick-Roadmaster-76-S-1947.html,2
Shutter Island,2010,1946 dodge custom,vehicle_289161-Dodge-Custom-D-24-1946.html,2
Shutter Island,2010,1942 dodge wc 52,vehicle_289159-Dodge-WC-52-1942.html,2
Shutter Island,2010,willys m38 a1,vehicle_289160-Willys-M38-A1.html,3
The Other Guys,2010,blue bird ultra lmb,vehicle_295639-Blue-Bird-Ultra-LMB.html,2
The Other Guys,2010,2002 bmw 3 [e46],vehicle_347002-BMW-3-E46-2002.html,1
The Other Guys,2010,2004 bmw 5 [e60],vehicle_1183754-BMW-5-E60-2004.html,1
The Other Guys,2010,1995 bmw 740i [e38],vehicle_350133-BMW-740i-E38-1995.html,1
The Other Guys,2010,1992 buick roadmaster,vehicle_350132-Buick-Roadmaster-1992.html,1
The Other Guys,2010,2000 cadillac deville flower car,vehicle_543409-Cadillac-DeVille-Flower-Car-2000.html,1
The Other Guys,2010,2000 cadillac deville stretched limousine,vehicle_350113-Cadillac-DeVille-Stretched-Limousine-2000.html,1
The Other Guys,2010,caterpillar it-18,vehicle_350110-Caterpillar-IT-18.html,1
The Other Guys,2010,1971 chevrolet chevelle,vehicle_295633-Chevrolet-Chevelle-1971.html,3
The Other Guys,2010,1972 chevrolet chevelle,vehicle_350090-Chevrolet-Chevelle-1972.html,2
The Other Guys,2010,1996 chevrolet monte carlo,vehicle_350107-Chevrolet-Monte-Carlo-GM10-1996.html,1
The Other Guys,2010,2000 chevrolet monte carlo,vehicle_350134-Chevrolet-Monte-Carlo-GMX230-2000.html,1
The Other Guys,2010,2001 chevrolet prizm,vehicle_350101-Chevrolet-Prizm-2001.html,1
The Other Guys,2010,chevrolet step-van,vehicle_350116-Chevrolet-Step-Van.html,2
The Other Guys,2010,1996 dodge caravan,vehicle_350082-Dodge-Caravan-NS-1996.html,2
The Other Guys,2010,2002 dodge intrepid,vehicle_350131-Dodge-Intrepid-LH-2002.html,1
The Other Guys,2010,2003 ford e-250,vehicle_295636-Ford-E-250-2003.html,3
The Other Guys,2010,2008 ford e-350,vehicle_350111-Ford-E-350-2008.html,2
The Other Guys,2010,1998 ford escort,vehicle_350115-Ford-Escort-1998.html,1
The Other Guys,2010,1982 ford f-350,vehicle_350074-Ford-F-350-1982.html,2
The Other Guys,2010,freightliner fld,vehicle_350127-Freightliner-FLD.html,1
The Other Guys,2010,2002 international 4000-series,vehicle_350108-International-4000-Series-2002.html,1
The Other Guys,2010,2008 kawasaki zx-10r ninja,vehicle_350137-Kawasaki-ZX-10R-Ninja-2008.html,3
The Other Guys,2010,2006 land-rover range rover series iii,vehicle_347003-Land-Rover-Range-Rover-L322-2006.html,3
The Other Guys,2010,2007 lincoln mark lt,vehicle_350097-Lincoln-Mark-LT-P221-2007.html,1
The Other Guys,2010,1999 mazda millenia,vehicle_350128-Mazda-Millenia-TA-1999.html,1
The Other Guys,2010,mazda protegé,vehicle_1183798-Mazda-Protege-BG.html,1
The Other Guys,2010,1997 mazda protegé,vehicle_543410-Mazda-Protege-BH-1997.html,1
The Other Guys,2010,1987 mercedes-benz 190 e [w201],vehicle_350122-Mercedes-Benz-190-E-W201-1987.html,1
The Other Guys,2010,1990 mercedes-benz 300 e [w124],vehicle_350093-Mercedes-Benz-300-E-W124-1990.html,1
The Other Guys,2010,mercedes-benz ml [w163],vehicle_1183251-Mercedes-Benz-ML-W163.html,1
The Other Guys,2010,2007 mercedes-benz s-klasse [w221],vehicle_1183250-Mercedes-Benz-S-Klasse-W221-2007.html,1
The Other Guys,2010,1988 mercury cougar,vehicle_310536-Mercury-Cougar-1988.html,1
The Other Guys,2010,2000 pierce dash,vehicle_543408-Pierce-Dash-2000.html,1
The Other Guys,2010,1998 saturn sl1,vehicle_350098-Saturn-SL1-1998.html,1
The Other Guys,2010,1991 saturn sl2,vehicle_350121-Saturn-SL2-1991.html,1
The Other Guys,2010,suzuki dr-z 400 sm,vehicle_350106-Suzuki-DR-Z-400-SM.html,2
The Other Guys,2010,tadano gr-500 xl-1,vehicle_350081-Tadano-GR-500-XL-1.html,2
The Other Guys,2010,2001 toyota echo,vehicle_350100-Toyota-Echo-NCP12-2001.html,1
Salt,2010,2004 bmw 5 [e60],vehicle_1182467-BMW-5-E60-2004.html,1
Salt,2010,2001 bmw 5 touring [e39],vehicle_1182435-BMW-5-Touring-E39-2001.html,1
Salt,2010,2000 cadillac deville funeral coach,vehicle_359953-Cadillac-DeVille-Funeral-Coach-2000.html,1
Salt,2010,1993 cadillac fleetwood stretched limousine,vehicle_359952-Cadillac-Fleetwood-Stretched-Limousine-1993.html,1
Salt,2010,1992 chevrolet caprice,vehicle_359542-Chevrolet-Caprice-1992.html,2
Salt,2010,2000 chevrolet monte carlo,vehicle_1182472-Chevrolet-Monte-Carlo-GMX230-2000.html,1
Salt,2010,daewoo solar,vehicle_1182513-Daewoo-Solar.html,1
Salt,2010,2001 dodge caravan,vehicle_1182510-Dodge-Caravan-RS-2001.html,2
Salt,2010,2004 ford e-450,vehicle_359540-Ford-E-450-2004.html,1
Salt,2010,1992 ford econoline,vehicle_1182732-Ford-Econoline-1992.html,1
Salt,2010,2009 ford f-150,vehicle_359962-Ford-F-150-P415-2009.html,1
Salt,2010,1988 ford tempo,vehicle_1182477-Ford-Tempo-1988.html,1
Salt,2010,freightliner business class m2,vehicle_1182509-Freightliner-Business-Class-M2.html,1
Salt,2010,1966 gaz 21 volga,vehicle_527770-GAZ-21-Volga-1966.html,1
Salt,2010,gkn defence fv 432,vehicle_329207-GKN-Defence-FV-432.html,1
Salt,2010,harley-davidson,vehicle_359958-Harley-Davidson.html,1
Salt,2010,harley-davidson flhpi road king,vehicle_359954-Harley-Davidson-FLHPI-Road-King.html,1
Salt,2010,2007 hyundai entourage,vehicle_359972-Hyundai-Entourage-VQ-2007.html,1
Salt,2010,international 9000-series eagle,vehicle_359966-International-9000-Series-Eagle.html,2
Salt,2010,land-rover defender 110 station wagon,vehicle_359955-Land-Rover-Defender-110-Station-Wagon.html,2
Salt,2010,mack cf,vehicle_1182729-Mack-CF.html,1
Salt,2010,mack ch,vehicle_1182486-Mack-CH.html,1
Salt,2010,1999 mazda millenia,vehicle_359969-Mazda-Millenia-TA-1999.html,1
Salt,2010,1997 mazda protegé,vehicle_1182459-Mazda-Protege-BH-1997.html,1
Salt,2010,2002 mazda protegé 5,vehicle_1182460-Mazda-Protege-5-BJ-2002.html,1
Salt,2010,mci d 4505,vehicle_1182436-MCI-D-4505.html,1
Salt,2010,2001 mercedes-benz c-klasse [w203],vehicle_1182482-Mercedes-Benz-C-Klasse-W203-2001.html,1
Salt,2010,1996 mercedes-benz e-klasse [w210],vehicle_1182474-Mercedes-Benz-E-Klasse-W210-1996.html,1
Salt,2010,mercedes-benz l-series [l59],vehicle_1182437-Mercedes-Benz-L-Series-L59.html,1
Salt,2010,mitsubishi montero sport,vehicle_1182439-Mitsubishi-Montero-Sport.html,1
Salt,2010,peterbilt 379,vehicle_311847-Peterbilt-379.html,2
Salt,2010,2000 pontiac bonneville,vehicle_1182466-Pontiac-Bonneville-2000.html,1
Salt,2010,pontiac firebird,vehicle_1182479-Pontiac-Firebird.html,1
Salt,2010,2008 prevost x3-45,vehicle_359957-Prevost-X3-45-2008.html,2
Salt,2010,2009 triumph street triple r,vehicle_359960-Triumph-Street-Triple-R-2009.html,3
Salt,2010,2001 volkswagen new beetle [typ 1c],vehicle_1182434-Volkswagen-New-Beetle-Typ-1C-2001.html,1
Salt,2010,volvo vn 300,vehicle_359959-Volvo-VN-300.html,1
TRON: Legacy,2010,2008 bmw 5 [e60],vehicle_741703-BMW-5-E60-2008.html,1
TRON: Legacy,2010,2006 bmw r 1200 rt-p,vehicle_386593-BMW-R-1200-RT-P-2006.html,3
TRON: Legacy,2010,1978 ducati 900 ss,vehicle_389017-Ducati-900-SS-1978.html,2
TRON: Legacy,2010,2006 ducati sport 1000,vehicle_345555-Ducati-Sport-1000-2006.html,3
Jackass 3D,2010,2005 bentley arnage t,vehicle_383683-Bentley-Arnage-T-2005.html,1
Jackass 3D,2010,2003 ford e-350,vehicle_383682-Ford-E-350-2003.html,1
Jackass 3D,2010,2001 ford f-150,vehicle_1306814-Ford-F-150-PN96-2001.html,1
Jackass 3D,2010,2006 ford lcf,vehicle_383692-Ford-LCF-2006.html,1
Jackass 3D,2010,genuine buddy 50,vehicle_383694-Genuine-Buddy-50.html,2
Jackass 3D,2010,2006 honda nss 250 reflex,vehicle_383684-Honda-NSS-250-Reflex-2006.html,2
Jackass 3D,2010,honda nx 250,vehicle_383697-Honda-NX-250.html,2
Jackass 3D,2010,2002 honda silver wing,vehicle_1306810-Honda-Silver-Wing-2002.html,1
Jackass 3D,2010,hyster e 3.00 xl,vehicle_383698-Hyster-E-300-XL.html,2
Jackass 3D,2010,2005 lamborghini murciélago roadster,vehicle_383688-Lamborghini-Murcielago-Roadster-2005.html,2
Jackass 3D,2010,1973 pontiac grand ville,vehicle_1306818-Pontiac-Grand-Ville-1973.html,2
Jackass 3D,2010,suzuki burgman 650,vehicle_1306808-Suzuki-Burgman-650.html,1
Jackass 3D,2010,suzuki rm 250,vehicle_383693-Suzuki-RM-250.html,2
Jackass 3D,2010,yamaha c3,vehicle_383685-Yamaha-C3.html,3
Jackass 3D,2010,1992 yamaha fj 1200,vehicle_1306809-Yamaha-FJ-1200-1992.html,1
Valentine's Day,2010,1994 bmw 5 [e34],vehicle_316148-BMW-5-E34-1994.html,1
Valentine's Day,2010,carpenter cadet,vehicle_316141-Carpenter-Cadet.html,1
Valentine's Day,2010,1948 chevrolet advance-design,vehicle_339426-Chevrolet-Advance-Design-1948.html,1
Valentine's Day,2010,1990 chevrolet c/k-series,vehicle_316151-Chevrolet-C-K-Series-1990.html,2
Valentine's Day,2010,1992 ford f-150,vehicle_316149-Ford-F-150-1992.html,2
Valentine's Day,2010,1999 gmc safari,vehicle_316132-GMC-Safari-1999.html,4
Valentine's Day,2010,lance charming,vehicle_316142-Lance-Charming.html,2
Valentine's Day,2010,land-rover range rover sport,vehicle_316131-Land-Rover-Range-Rover-Sport-L320.html,2
Valentine's Day,2010,2007 mercedes-benz cl 550 [c216],vehicle_316140-Mercedes-Benz-CL-550-C216-2007.html,1
Valentine's Day,2010,2004 nabi 45c lfw cng,vehicle_316135-NABI-45C-LFW-CNG-2004.html,2
Valentine's Day,2010,1983 nissan 720,vehicle_316154-Nissan-720-720-1983.html,2
Valentine's Day,2010,pierce dash,vehicle_316155-Pierce-Dash.html,1
Valentine's Day,2010,rolls-royce silver seraph,vehicle_316143-Rolls-Royce-Silver-Seraph.html,1
Valentine's Day,2010,sterling acterra,vehicle_316127-Sterling-Acterra.html,1
Valentine's Day,2010,1969 volkswagen convertible [typ 1],vehicle_316145-Volkswagen-Convertible-Typ-1-1969.html,3
The Expendables,2010,am general m-35,vehicle_336158-AM-General-M-35-G742.html,3
The Expendables,2010,1997 cadillac catera,vehicle_336163-Cadillac-Catera-1997.html,1
The Expendables,2010,1947 chevrolet advance-design 6700,vehicle_368046-Chevrolet-Advance-Design-6700-1947.html,1
The Expendables,2010,chevrolet c-series,vehicle_336156-Chevrolet-C-Series.html,1
The Expendables,2010,1997 chevrolet venture,vehicle_368047-Chevrolet-Venture-GMT200-1997.html,2
The Expendables,2010,ducati desmosedici rr,vehicle_331241-Ducati-Desmosedici-RR.html,3
The Expendables,2010,1987 ford bronco,vehicle_336169-Ford-Bronco-1987.html,3
The Expendables,2010,1955 ford f-100,vehicle_328576-Ford-F-100-1955.html,3
The Expendables,2010,ford f-1000,vehicle_336157-Ford-F-1000.html,3
The Expendables,2010,ford f-75,vehicle_336956-Ford-F-75.html,2
The Expendables,2010,1987 ford l-series,vehicle_336168-Ford-L-Series-1987.html,2
The Expendables,2010,grumman-olson kurbmaster,vehicle_336161-Grumman-Olson-Kurbmaster.html,2
The Expendables,2010,harley-davidson chopper,vehicle_336155-Harley-Davidson-Chopper.html,2
The Expendables,2010,land-rover defender 130 crew cab,vehicle_336159-Land-Rover-Defender-130-Crew-Cab.html,3
The Expendables,2010,1970 mercedes-benz 280 s [w108],vehicle_338882-Mercedes-Benz-280-S-W108-1970.html,2
The Expendables,2010,1993 oldsmobile cutlass ciera,vehicle_336166-Oldsmobile-Cutlass-Ciera-1993.html,1
The Expendables,2010,peterbilt 362,vehicle_336165-Peterbilt-362.html,1
The Expendables,2010,piaggio vespa,vehicle_336957-Piaggio-Vespa.html,1
The Expendables,2010,1975 volkswagen sedan [typ 1],vehicle_336959-Volkswagen-Sedan-Typ-1-1975.html,1
The Expendables,2010,1960 willys overland aero willys,vehicle_336954-Willys-Overland-Aero-Willys-1960.html,1
Due Date,2010,case 521 d,vehicle_373927-Case-521-D.html,1
Due Date,2010,1981 chevrolet c/k-10,vehicle_373930-Chevrolet-C-K-10-1981.html,1
Due Date,2010,1977 dodge power wagon,vehicle_325356-Dodge-Power-Wagon-AW-1977.html,3
Due Date,2010,2003 dodge sprinter,vehicle_373950-Dodge-Sprinter-VA-2003.html,1
Due Date,2010,2007 fleetwood bounder,vehicle_373931-Fleetwood-Bounder-2007.html,1
Due Date,2010,1983 ford ltd country squire,vehicle_355113-Ford-LTD-Country-Squire-1983.html,2
Due Date,2010,international durastar,vehicle_373942-International-DuraStar.html,1
Due Date,2010,2010 land-rover range rover series iii,vehicle_325355-Land-Rover-Range-Rover-L322-2010.html,3
Due Date,2010,mack r-series,vehicle_373928-Mack-R-Series.html,1
Due Date,2010,1989 mercedes-benz 190 e [w201],vehicle_373945-Mercedes-Benz-190-E-W201-1989.html,1
Due Date,2010,2010 mercedes-benz s-klasse [w221],vehicle_373944-Mercedes-Benz-S-Klasse-W221-2010.html,2
Due Date,2010,1996 pontiac bonneville,vehicle_373936-Pontiac-Bonneville-1996.html,1
Due Date,2010,1999 pontiac grand am,vehicle_373940-Pontiac-Grand-Am-GMX130-1999.html,1
Due Date,2010,2000 saturn l-series,vehicle_373938-Saturn-L-Series-2000.html,1
Due Date,2010,2003 setra s 417 tc,vehicle_374040-Setra-S-417-TC-2003.html,1
Due Date,2010,1984 toyota truck,vehicle_373924-Toyota-Truck-RN60-1984.html,1
Alvin and the Chipmunks: The Squeakquel,2010,2003 buick lesabre,vehicle_361096-Buick-LeSabre-GMX220-2003.html,1
Alvin and the Chipmunks: The Squeakquel,2010,1994 cadillac deville concours,vehicle_361097-Cadillac-DeVille-Concours-1994.html,3
Alvin and the Chipmunks: The Squeakquel,2010,mercedes-benz 190 e [w201],vehicle_361102-Mercedes-Benz-190-E-W201.html,1
Alvin and the Chipmunks: The Squeakquel,2010,1996 mercury villager,vehicle_361104-Mercury-Villager-VX54-1996.html,1
Alvin and the Chipmunks: The Squeakquel,2010,utilimaster aeromaster,vehicle_361098-Utilimaster-Aeromaster.html,2
Date Night,2010,1993 infiniti j30,vehicle_318235-Infiniti-J30-Y32-1993.html,1
Date Night,2010,international 4000-series,vehicle_292740-International-4000-Series.html,1
Date Night,2010,2009 lamborghini gallardo lp560-4,vehicle_318227-Lamborghini-Gallardo-LP560-4-2009.html,1
Date Night,2010,2006 lincoln zephyr,vehicle_318221-Lincoln-Zephyr-2006.html,1
Date Night,2010,mack cf,vehicle_318244-Mack-CF.html,1
Date Night,2010,2009 mercedes-benz cls [c219],vehicle_318226-Mercedes-Benz-CLS-C219-2009.html,1
Date Night,2010,mv agusta brutale,vehicle_318225-MV-Agusta-Brutale.html,1
Date Night,2010,mv agusta f4 750,vehicle_318224-MV-Agusta-F4-750.html,1
Date Night,2010,1999 pontiac grand am,vehicle_318234-Pontiac-Grand-Am-GMX130-1999.html,1
Date Night,2010,1963 studebaker avanti,vehicle_318228-Studebaker-Avanti-1963.html,1
Sex and the City 2,2010,2005 chevrolet optra,vehicle_351212-Chevrolet-Optra-J200-2005.html,2
Sex and the City 2,2010,isuzu d-max,vehicle_351211-Isuzu-D-Max-TFR.html,1
Sex and the City 2,2010,2008 land-rover defender 90 svx,vehicle_294167-Land-Rover-Defender-90-SVX-2008.html,2
Sex and the City 2,2010,maybach 62 s [v240],vehicle_294168-Maybach-62-S-V240.html,3
Sex and the City 2,2010,2010 mercedes-benz e-klasse [a207],vehicle_294165-Mercedes-Benz-E-Klasse-A207-2010.html,2
Sex and the City 2,2010,2010 mercedes-benz e-klasse [a207],vehicle_351209-Mercedes-Benz-E-Klasse-A207-2010.html,2
Sex and the City 2,2010,2009 mercedes-benz g-klasse [w463],vehicle_294166-Mercedes-Benz-G-Klasse-W463-2009.html,2
Sex and the City 2,2010,2010 mercedes-benz s 400 hybrid [w221],vehicle_307260-Mercedes-Benz-S-400-HYBRID-W221-2010.html,2
Sex and the City 2,2010,plymouth valiant,vehicle_351208-Plymouth-Valiant.html,2
The Book of Eli,2010,1980 cadillac sedan deville,vehicle_282684-Cadillac-Sedan-DeVille-1980.html,2
The Book of Eli,2010,1956 chevrolet task-force,vehicle_282690-Chevrolet-Task-Force-1956.html,1
The Book of Eli,2010,1971 dodge tradesman,vehicle_282685-Dodge-Tradesman-1971.html,1
The Book of Eli,2010,1997 ford f-150,vehicle_282161-Ford-F-150-PN96-1997.html,1
The Book of Eli,2010,gmc c-series,vehicle_282692-GMC-C-Series.html,3
The Book of Eli,2010,gmc pd 4106,vehicle_369468-GMC-PD-4106.html,1
The Book of Eli,2010,grumman-olson kurbmaster,vehicle_282693-Grumman-Olson-Kurbmaster.html,2
The Book of Eli,2010,harley-davidson chopper,vehicle_310512-Harley-Davidson-Chopper.html,2
The Book of Eli,2010,isuzu trooper,vehicle_282688-Isuzu-Trooper-UBS.html,1
The Book of Eli,2010,p&h t-series,vehicle_369462-PandH-T-Series.html,1
The Book of Eli,2010,1987 peterbilt 379,vehicle_282691-Peterbilt-379-1987.html,1
The Book of Eli,2010,1992 pontiac bonneville,vehicle_369466-Pontiac-Bonneville-1992.html,1
The Book of Eli,2010,1967 rover 2000 tc mki [p6],vehicle_282683-Rover-2000-TC-P6-1967.html,1
The Book of Eli,2010,white 9000,vehicle_369465-White-9000.html,1
The Book of Eli,2010,white-freightliner wft,vehicle_282687-White-Freightliner-WFT.html,1
The Social Network,2010,club car carryall,vehicle_364655-Club-Car-Carryall.html,1
The Social Network,2010,2005 ic hc,vehicle_346264-IC-HC-2005.html,2
The Town,2010,2002 acura rsx,vehicle_1107180-Acura-RSX-DC5-2002.html,1
The Town,2010,1992 buick lesabre,vehicle_1107193-Buick-LeSabre-1992.html,1
The Town,2010,1997 buick lesabre,vehicle_355022-Buick-LeSabre-1997.html,1
The Town,2010,1997 buick park avenue,vehicle_355003-Buick-Park-Avenue-1997.html,1
The Town,2010,1997 buick park avenue,vehicle_1107214-Buick-Park-Avenue-1997.html,1
The Town,2010,1994 cadillac deville,vehicle_354971-Cadillac-DeVille-1994.html,2
The Town,2010,1991 chevrolet lumina,vehicle_355017-Chevrolet-Lumina-1991.html,1
The Town,2010,cub cadet volunteer,vehicle_355001-Cub-Cadet-Volunteer.html,1
The Town,2010,1997 dodge caravan,vehicle_355015-Dodge-Caravan-NS-1997.html,2
The Town,2010,2001 dodge caravan,vehicle_318930-Dodge-Caravan-RS-2001.html,3
The Town,2010,1996 dodge intrepid,vehicle_355016-Dodge-Intrepid-LH-1996.html,1
The Town,2010,2003 dodge neon,vehicle_354948-Dodge-Neon-PL-2003.html,1
The Town,2010,1987 e-one cyclone,vehicle_902488-E-One-Cyclone-1987.html,2
The Town,2010,1992 e-one protector,vehicle_354924-E-One-Protector-1992.html,2
The Town,2010,1992 ford aerostar,vehicle_1107211-Ford-Aerostar-VN1-1992.html,1
The Town,2010,1999 ford contour,vehicle_355019-Ford-Contour-CDW27-1999.html,1
The Town,2010,1975 ford econoline,vehicle_1107171-Ford-Econoline-1975.html,1
The Town,2010,1995 ford econoline,vehicle_354919-Ford-Econoline-1995.html,2
The Town,2010,1995 ford econoline,vehicle_318932-Ford-Econoline-E-350-1995.html,3
The Town,2010,1997 ford econoline,vehicle_355027-Ford-Econoline-1997.html,1
The Town,2010,1998 ford escort,vehicle_355005-Ford-Escort-1998.html,1
The Town,2010,1992 ford f-super duty,vehicle_1335377-Ford-F-Super-Duty-1992.html,1
The Town,2010,2002 freightliner business class m2 106,vehicle_354922-Freightliner-Business-Class-M2-106-2002.html,1
The Town,2010,freightliner mt-45,vehicle_318934-Freightliner-MT-45.html,2
The Town,2010,1995 geo prizm,vehicle_1107219-Geo-Prizm-1995.html,1
The Town,2010,2007 hyundai tiburon,vehicle_1107187-Hyundai-Tiburon-GK-F-L2-2007.html,1
The Town,2010,international 4000-series,vehicle_355004-International-4000-Series.html,2
The Town,2010,1989 international 4000-series,vehicle_355031-International-4000-Series-1989.html,2
The Town,2010,1995 international 4000-series,vehicle_354953-International-4000-Series-1995.html,2
The Town,2010,1988 isuzu pickup,vehicle_902487-Isuzu-Pickup-TF-1988.html,1
The Town,2010,komatsu wa 500,vehicle_354998-Komatsu-WA-500.html,1
The Town,2010,2006 land-rover range rover sport,vehicle_902471-Land-Rover-Range-Rover-Sport-L320-2006.html,1
The Town,2010,mack dm-series,vehicle_354997-Mack-DM-Series.html,1
The Town,2010,2005 mercedes-benz c-klasse [w203],vehicle_355000-Mercedes-Benz-C-Klasse-W203-2005.html,1
The Town,2010,2003 mercedes-benz e 320 [w211],vehicle_1107158-Mercedes-Benz-E-320-W211-2003.html,1
The Town,2010,2006 mercedes-benz ml [w164],vehicle_1107156-Mercedes-Benz-ML-W164-2006.html,1
The Town,2010,1994 mitsubishi diamante,vehicle_354962-Mitsubishi-Diamante-F10-1994.html,2
The Town,2010,2006 new flyer d 40 lf,vehicle_355029-New-Flyer-D-40-LF-2006.html,2
The Town,2010,1995 novabus rts,vehicle_359122-Novabus-RTS-1995.html,1
The Town,2010,1999 oldsmobile cutlass,vehicle_355008-Oldsmobile-Cutlass-3NN69-1999.html,1
The Town,2010,1992 pontiac bonneville,vehicle_462741-Pontiac-Bonneville-1992.html,1
The Town,2010,2007 toyota yaris,vehicle_355014-Toyota-Yaris-NCP93-2007.html,1
The Town,2010,2009 toyota yaris,vehicle_1107162-Toyota-Yaris-NCP91-2009.html,1
The Town,2010,yamaha vino,vehicle_1107152-Yamaha-Vino.html,1
RED,2010,am general hmmwv,vehicle_386137-AM-General-HMMWV.html,2
RED,2010,2004 bmw 5 [e60],vehicle_1188803-BMW-5-E60-2004.html,1
RED,2010,2000 cadillac deville stretched limousine,vehicle_334695-Cadillac-DeVille-Stretched-Limousine-2000.html,3
RED,2010,1990 chevrolet astro,vehicle_334696-Chevrolet-Astro-1990.html,2
RED,2010,1981 chevrolet caprice classic,vehicle_345986-Chevrolet-Caprice-Classic-1981.html,2
RED,2010,1957 chevrolet two-ten,vehicle_345988-Chevrolet-Two-Ten-2103-1957.html,2
RED,2010,1982 ford econoline,vehicle_1187215-Ford-Econoline-E-350-1982.html,1
RED,2010,1997 ford econoline,vehicle_386134-Ford-Econoline-1997.html,1
RED,2010,1997 ford econoline,vehicle_345990-Ford-Econoline-E-350-1997.html,2
RED,2010,1997 ford econoline,vehicle_386131-Ford-Econoline-E-350-1997.html,1
RED,2010,1998 ford f-150,vehicle_386144-Ford-F-150-PN96-1998.html,1
RED,2010,1998 ford windstar,vehicle_345989-Ford-Windstar-WIN88-1998.html,2
RED,2010,1987 gaz 14 chaika,vehicle_373877-GAZ-14-Chaika-1987.html,3
RED,2010,1995 gmc safari,vehicle_334703-GMC-Safari-1995.html,1
RED,2010,1995 gmc safari,vehicle_345996-GMC-Safari-1995.html,1
RED,2010,1969 mercedes-benz 600 pullman [w100],vehicle_345991-Mercedes-Benz-600-Pullman-W100-1969.html,2
RED,2010,1986 mercedes-benz s-klasse [w126],vehicle_345993-Mercedes-Benz-S-Klasse-W126-1986.html,1
RED,2010,2003 mercedes-benz sl [r230],vehicle_537114-Mercedes-Benz-SL-R230-2003.html,1
RED,2010,2001 new flyer c 40 lf,vehicle_334706-New-Flyer-C-40-LF-2001.html,1
RED,2010,1999 oldsmobile alero,vehicle_334700-Oldsmobile-Alero-3NF69-1999.html,1
RED,2010,1995 oldsmobile cutlass supreme,vehicle_386150-Oldsmobile-Cutlass-Supreme-1995.html,1
RED,2010,2004 rolls-royce phantom vii,vehicle_334707-Rolls-Royce-Phantom-VII-2004.html,2
RED,2010,1994 saab 900,vehicle_386147-SAAB-900-1994.html,1
RED,2010,taylor y18bwo,vehicle_334698-Taylor-Y18BWO.html,2
RED,2010,1993 volvo 850,vehicle_345983-Volvo-850-854-1993.html,1
Percy Jackson & the Olympians: The Lightning Thief,2010,2000 cadillac deville stretched limousine,vehicle_316236-Cadillac-DeVille-Stretched-Limousine-2000.html,1
Percy Jackson & the Olympians: The Lightning Thief,2010,1985 chevrolet astro,vehicle_1158406-Chevrolet-Astro-1985.html,1
Percy Jackson & the Olympians: The Lightning Thief,2010,1972 chevrolet chevelle malibu,vehicle_280507-Chevrolet-Chevelle-Malibu-1972.html,3
Percy Jackson & the Olympians: The Lightning Thief,2010,1996 dodge caravan,vehicle_316224-Dodge-Caravan-NS-1996.html,1
Percy Jackson & the Olympians: The Lightning Thief,2010,1966 ford f-100,vehicle_316250-Ford-F-100-1966.html,3
Percy Jackson & the Olympians: The Lightning Thief,2010,gmc b-series,vehicle_316238-GMC-B-Series.html,1
Percy Jackson & the Olympians: The Lightning Thief,2010,kenworth w-900,vehicle_316663-Kenworth-W-900.html,2
Percy Jackson & the Olympians: The Lightning Thief,2010,2002 maserati coupé,vehicle_280508-Maserati-Coupe-2002.html,3
Percy Jackson & the Olympians: The Lightning Thief,2010,mci d 4505,vehicle_316232-MCI-D-4505.html,2
Percy Jackson & the Olympians: The Lightning Thief,2010,2004 mercedes-benz c 230 [w203],vehicle_316687-Mercedes-Benz-C-230-W203-2004.html,1
Percy Jackson & the Olympians: The Lightning Thief,2010,1971 pontiac lemans,vehicle_316693-Pontiac-LeMans-1971.html,1
Paranormal Activity 2,2010,1995 bmw 740il [e38],vehicle_433703-BMW-740iL-E38-1995.html,1
Paranormal Activity 2,2010,1992 chevrolet c-1500,vehicle_433704-Chevrolet-C-1500-GMT400-1992.html,1
Little Fockers,2010,case 580 m,vehicle_387080-Case-580-M.html,1
Little Fockers,2010,1973 peterbilt 359,vehicle_387079-Peterbilt-359-1973.html,2
Little Fockers,2010,2010 tesla roadster sport,vehicle_386491-Tesla-Roadster-Sport-2010.html,2
Eat Pray Love,2010,aprilia leonardo,vehicle_472820-Aprilia-Leonardo.html,1
Eat Pray Love,2010,bajaj pulsar,vehicle_472822-Bajaj-Pulsar.html,1
Eat Pray Love,2010,2001 bmw 525i [e39],vehicle_310540-BMW-525i-E39-2001.html,2
Eat Pray Love,2010,1998 chevrolet tracker,vehicle_438462-Chevrolet-Tracker-SE416-1998.html,1
Eat Pray Love,2010,1984 citroën 2cv 6 charleston,vehicle_310538-Citroen-2CV-6-Charleston-1984.html,3
Eat Pray Love,2010,gmc magnavan,vehicle_310539-GMC-MagnaVan.html,2
Eat Pray Love,2010,grecav eke,vehicle_472823-Grecav-Eke.html,1
Eat Pray Love,2010,hero honda splendour,vehicle_472821-Hero-Honda-Splendour.html,1
Eat Pray Love,2010,hindustan ambassador classic,vehicle_472836-Hindustan-Ambassador-Classic.html,3
Eat Pray Love,2010,2000 jaguar s-type [x200],vehicle_472826-Jaguar-S-Type-X200-2000.html,1
Eat Pray Love,2010,1995 kia sephia,vehicle_472828-Kia-Sephia-FA-1995.html,2
Eat Pray Love,2010,mahindra bolero,vehicle_472835-Mahindra-Bolero.html,1
Eat Pray Love,2010,1999 mazda millenia,vehicle_472825-Mazda-Millenia-TA-1999.html,1
Eat Pray Love,2010,piaggio ape xtra,vehicle_472824-Piaggio-Ape-Xtra.html,1
Eat Pray Love,2010,1996 seat marbella,vehicle_438463-Seat-Marbella-1996.html,1
Eat Pray Love,2010,tata sumo,vehicle_472834-Tata-Sumo.html,1
Eat Pray Love,2010,1998 volvo s70,vehicle_472839-Volvo-S70-1998.html,2
The Chronicles of Narnia: The Voyage of the Dawn Treader,2010,bedford o-type,vehicle_412064-Bedford-O-Type.html,2
The Chronicles of Narnia: The Voyage of the Dawn Treader,2010,1938 vauxhall 25 hp,vehicle_412065-Vauxhall-25-hp-GY-1938.html,1
Dear John,2010,am general hmmwv,vehicle_465082-AM-General-HMMWV.html,2
Dear John,2010,1959 boyertown merchandiser,vehicle_465097-Boyertown-Merchandiser-1959.html,2
Dear John,2010,1995 chevrolet cavalier,vehicle_465091-Chevrolet-Cavalier-GM-J-1995.html,1
Dear John,2010,1996 chevrolet k-1500,vehicle_465078-Chevrolet-K-1500-GMT400-1996.html,3
Dear John,2010,1987 dodge power ram 50,vehicle_465085-Dodge-Power-Ram-50-1987.html,1
Dear John,2010,2002 force protection cougar he,vehicle_465077-Force-Protection-Cougar-HE-2002.html,1
Dear John,2010,jaguar vanden plas [x308],vehicle_465089-Jaguar-Vanden-Plas-X308.html,1
Dear John,2010,1981 peugeot 505,vehicle_465087-Peugeot-505-551A-1981.html,1
Dear John,2010,sei tunner,vehicle_465081-SEI-Tunner.html,2
Dear John,2010,stewart & stevenson m1083 mtv,vehicle_465096-Stewart-and-Stevenson-M1083-MTV.html,2
Dear John,2010,1974 toyota corona,vehicle_465090-Toyota-Corona-RT100-1974.html,1
Dear John,2010,1984 toyota truck,vehicle_465086-Toyota-Truck-RN50-1984.html,1
Dear John,2010,van hool t945,vehicle_465098-Van-Hool-T945.html,2
Unstoppable,2010,2003 blue bird vision,vehicle_336484-Blue-Bird-Vision-2003.html,1
Unstoppable,2010,1988 chevrolet c-1500,vehicle_383641-Chevrolet-C-1500-GMT400-1988.html,1
Unstoppable,2010,2008 ford e-350,vehicle_383640-Ford-E-350-2008.html,2
Unstoppable,2010,1992 ford econoline,vehicle_383646-Ford-Econoline-E-350-1992.html,2
Unstoppable,2010,1995 ford econoline,vehicle_383649-Ford-Econoline-E-350-1995.html,1
Unstoppable,2010,1989 ford f-150,vehicle_383636-Ford-F-150-1989.html,2
Unstoppable,2010,2002 ford f-350 super duty,vehicle_336411-Ford-F-350-Super-Duty-P254-2002.html,3
Unstoppable,2010,2005 ford f-350 super duty,vehicle_336481-Ford-F-350-Super-Duty-P254-2005.html,3
Unstoppable,2010,ford l-series,vehicle_336482-Ford-L-Series.html,1
Unstoppable,2010,1990 gmc topkick,vehicle_383648-GMC-Topkick-GMT530-1990.html,2
Unstoppable,2010,harley-davidson xl 1200 c sportster,vehicle_1166137-Harley-Davidson-XL-1200-C-Sportster.html,1
Unstoppable,2010,john deere gator,vehicle_383639-John-Deere-Gator.html,2
Unstoppable,2010,pierce arrow,vehicle_383651-Pierce-Arrow.html,1
Unstoppable,2010,pierce saber,vehicle_383652-Pierce-Saber.html,1
Unstoppable,2010,1998 pontiac sunfire,vehicle_383633-Pontiac-Sunfire-GM-J-1998.html,1
The A-Team,2010,am general hmmwv m1025,vehicle_271333-AM-General-HMMWV-M1025.html,3
The A-Team,2010,am general m-35,vehicle_316912-AM-General-M-35-G742.html,2
The A-Team,2010,armet gurkha f5,vehicle_345955-Armet-Gurkha-F5.html,1
The A-Team,2010,1994 bmw 3 cabrio [e36],vehicle_345952-BMW-3-Cabrio-E36-1994.html,1
The A-Team,2010,1997 bmw 5 [e39],vehicle_316907-BMW-5-E39-1997.html,2
The A-Team,2010,2002 bmw 745i [e65],vehicle_345961-BMW-745i-E65-2002.html,1
The A-Team,2010,2005 buell xb 9,vehicle_316916-Buell-XB-9-2005.html,2
The A-Team,2010,1973 cadillac fleetwood 75,vehicle_316901-Cadillac-Fleetwood-75-1973.html,3
The A-Team,2010,ccc m-915,vehicle_309805-CCC-M-915.html,3
The A-Team,2010,1988 chevrolet c-1500,vehicle_345951-Chevrolet-C-1500-GMT400-1988.html,1
The A-Team,2010,1991 chevrolet cavalier,vehicle_316924-Chevrolet-Cavalier-1991.html,1
The A-Team,2010,1994 chevrolet chevy van,vehicle_271330-Chevrolet-Chevy-Van-1994.html,3
The A-Team,2010,1994 ferrari f355 berlinetta,vehicle_271339-Ferrari-F355-Berlinetta-1994.html,1
The A-Team,2010,1987 ford f-150,vehicle_309804-Ford-F-150-1987.html,2
The A-Team,2010,1994 ford f-250,vehicle_316913-Ford-F-250-1994.html,1
The A-Team,2010,ford f-350,vehicle_316906-Ford-F-350.html,1
The A-Team,2010,ford ln-series,vehicle_345959-Ford-LN-Series.html,1
The A-Team,2010,gm suburban,vehicle_316920-GM-Suburban.html,1
The A-Team,2010,1981 gmc c-1500,vehicle_316905-GMC-C-1500-1981.html,1
The A-Team,2010,1984 honda cr 250 r,vehicle_1407504-Honda-CR-250-R-1984.html,1
The A-Team,2010,honda ct 90,vehicle_316917-Honda-CT-90.html,1
The A-Team,2010,1978 honda xl 125,vehicle_316915-Honda-XL-125-1978.html,1
The A-Team,2010,international 3800,vehicle_271346-International-3800.html,2
The A-Team,2010,1985 lada signet wagon [2104],vehicle_345956-Lada-Signet-Wagon-2104-1985.html,1
The A-Team,2010,2000 lamborghini diablo replica,vehicle_271336-Lamborghini-Diablo-Replica-2000.html,3
The A-Team,2010,mercedes-benz [w124],vehicle_316934-Mercedes-Benz-W124.html,2
The A-Team,2010,mercedes-benz c-klasse [w203],vehicle_316933-Mercedes-Benz-C-Klasse-W203.html,1
The A-Team,2010,2008 mercedes-benz cls [c219],vehicle_345963-Mercedes-Benz-CLS-C219-2008.html,1
The A-Team,2010,2006 mercedes-benz cls 63 amg [c219],vehicle_316900-Mercedes-Benz-CLS-63-AMG-C219-2006.html,2
The A-Team,2010,1996 mercedes-benz e-klasse [w210],vehicle_345965-Mercedes-Benz-E-Klasse-W210-1996.html,1
The A-Team,2010,2010 mercedes-benz e-klasse [w212],vehicle_316899-Mercedes-Benz-E-Klasse-W212-2010.html,3
The A-Team,2010,2007 mercedes-benz g 500 [w463],vehicle_316926-Mercedes-Benz-G-500-W463-2007.html,2
The A-Team,2010,1999 mercedes-benz ml 320 [w163],vehicle_316931-Mercedes-Benz-ML-320-W163-1999.html,2
The A-Team,2010,1959 mercury m-350,vehicle_316919-Mercury-M-350-1959.html,1
The A-Team,2010,1992 orion v,vehicle_345964-Orion-V-05501-1992.html,1
The A-Team,2010,1969 plymouth valiant,vehicle_1407503-Plymouth-Valiant-1969.html,1
The A-Team,2010,1989 toyota tercel,vehicle_345958-Toyota-Tercel-EL31-1989.html,2
The A-Team,2010,1971 volkswagen super beetle [typ 1],vehicle_345953-Volkswagen-Super-Beetle-Typ-1-1971.html,1
The A-Team,2010,1986 volvo 760,vehicle_316902-Volvo-760-764-1986.html,2
The A-Team,2010,1994 volvo 850,vehicle_316935-Volvo-850-855-1994.html,2
The A-Team,2010,yamaha wr,vehicle_333217-Yamaha-WR.html,2
Dinner for Schmucks,2010,1997 bmw 5 [e39],vehicle_360147-BMW-5-E39-1997.html,1
Dinner for Schmucks,2010,2007 bmw 750i [e65],vehicle_360149-BMW-750i-E65-2007.html,2
Dinner for Schmucks,2010,1947 chevrolet advance-design,vehicle_325643-Chevrolet-Advance-Design-1947.html,1
Dinner for Schmucks,2010,1992 mercedes-benz s-klasse [w140],vehicle_1304721-Mercedes-Benz-S-Klasse-W140-1992.html,1
It's Complicated,2010,2007 audi s6 c6,vehicle_304055-Audi-S6-Typ-4F-2007.html,3
The Bounty Hunter,2010,2007 bmw 3 [e92],vehicle_293891-BMW-3-E92-2007.html,1
The Bounty Hunter,2010,1962 cadillac series 62 convertible,vehicle_293858-Cadillac-Series-62-Convertible-1962.html,1
The Bounty Hunter,2010,1997 chevrolet cavalier,vehicle_293884-Chevrolet-Cavalier-GM-J-1997.html,1
The Bounty Hunter,2010,club car ds,vehicle_293917-Club-Car-DS.html,3
The Bounty Hunter,2010,2005 ferrari 612 scaglietti,vehicle_293916-Ferrari-612-Scaglietti-2005.html,1
The Bounty Hunter,2010,2005 ford f-150,vehicle_293873-Ford-F-150-P221-2005.html,1
The Bounty Hunter,2010,freightliner cascadia,vehicle_293898-Freightliner-Cascadia-P3.html,1
The Bounty Hunter,2010,grumman-olson kurbmaster,vehicle_293862-Grumman-Olson-Kurbmaster-P-30.html,1
The Bounty Hunter,2010,1955 imperial,vehicle_293859-Imperial-C-69-1955.html,1
The Bounty Hunter,2010,2007 mci j 4500,vehicle_293909-MCI-J-4500-2007.html,1
The Bounty Hunter,2010,2007 mercedes-benz s 550 [w221],vehicle_293919-Mercedes-Benz-S-550-W221-2007.html,3
The Bounty Hunter,2010,mercedes-benz s-klasse [w220],vehicle_293915-Mercedes-Benz-S-Klasse-W220.html,1
The Bounty Hunter,2010,1975 oldsmobile delta 88 royale,vehicle_264660-Oldsmobile-Delta-88-Royale-1975.html,4
The Bounty Hunter,2010,1956 plymouth belvedere,vehicle_293860-Plymouth-Belvedere-1956.html,1
The Bounty Hunter,2010,2007 toyota yaris,vehicle_293912-Toyota-Yaris-NCP93-2007.html,1
The Bounty Hunter,2010,1986 volvo 240,vehicle_293886-Volvo-240-245-1986.html,2
Diary of a Wimpy Kid,2010,1996 chevrolet astro,vehicle_365641-Chevrolet-Astro-1996.html,2
Diary of a Wimpy Kid,2010,1987 ford f-150,vehicle_365642-Ford-F-150-1987.html,3
Diary of a Wimpy Kid,2010,1977 ford ltd country squire,vehicle_365640-Ford-LTD-Country-Squire-1977.html,2
Diary of a Wimpy Kid,2010,international 3000-series,vehicle_1292104-International-3000-Series.html,1
Diary of a Wimpy Kid,2010,mercedes-benz c-klasse [s203],vehicle_1292101-Mercedes-Benz-C-Klasse-S203.html,1
Diary of a Wimpy Kid,2010,2001 volvo v40,vehicle_377894-Volvo-V40-2001.html,1
The Sorcerer's Apprentice,2010,2002 bmw 745i [e65],vehicle_364802-BMW-745i-E65-2002.html,2
The Sorcerer's Apprentice,2010,1974 buick lesabre luxus,vehicle_364816-Buick-LeSabre-Luxus-4BP-P67-1974.html,1
The Sorcerer's Apprentice,2010,2005 ferrari f430,vehicle_364786-Ferrari-F430-2005.html,3
The Sorcerer's Apprentice,2010,1974 ford pinto runabout,vehicle_364821-Ford-Pinto-Runabout-1974.html,3
The Sorcerer's Apprentice,2010,hino fe,vehicle_364811-Hino-FE.html,1
The Sorcerer's Apprentice,2010,mack mru,vehicle_364807-Mack-MRU.html,3
The Sorcerer's Apprentice,2010,2007 mercedes-benz gl [x164],vehicle_364810-Mercedes-Benz-GL-X164-2007.html,3
The Sorcerer's Apprentice,2010,2008 mercedes-benz slr mclaren roadster [r199],vehicle_364796-Mercedes-Benz-SLR-McLaren-Roadster-R199-2008.html,3
The Sorcerer's Apprentice,2010,1935 rolls-royce phantom ii,vehicle_364814-Rolls-Royce-Phantom-II-70TA-1935.html,4
The Sorcerer's Apprentice,2010,1998 volkswagen new beetle [typ 1c],vehicle_364819-Volkswagen-New-Beetle-Typ-1C-1998.html,2
A Nightmare on Elm Street,2010,1994 buick century,vehicle_512211-Buick-Century-1994.html,2
A Nightmare on Elm Street,2010,1995 buick riviera,vehicle_369782-Buick-Riviera-1995.html,1
A Nightmare on Elm Street,2010,1991 cadillac sedan deville,vehicle_512212-Cadillac-Sedan-DeVille-1991.html,2
A Nightmare on Elm Street,2010,1993 ford bronco,vehicle_512209-Ford-Bronco-1993.html,2
A Nightmare on Elm Street,2010,1992 ford econoline,vehicle_512213-Ford-Econoline-E-350-1992.html,2
A Nightmare on Elm Street,2010,hme luverne,vehicle_512214-HME-Luverne.html,1
A Nightmare on Elm Street,2010,2006 land-rover range rover sport,vehicle_512219-Land-Rover-Range-Rover-Sport-L320-2006.html,1
A Nightmare on Elm Street,2010,1996 suzuki gsx-r,vehicle_512217-Suzuki-GSX-R-1996.html,1
A Nightmare on Elm Street,2010,2006 volkswagen new beetle convertible [typ 1y],vehicle_512222-Volkswagen-New-Beetle-Convertible-Typ-1Y-2006.html,3
The Last Song,2010,1979 ford bronco,vehicle_390682-Ford-Bronco-1979.html,2
The Wolfman,2010,1902 fowler 6 n.h.p. type a4 10 ton,vehicle_312658-Fowler-6-nhp-Type-A4-10-ton-No9230-1902.html,1
Get Him to the Greek,2010,bmw 3 [e36],vehicle_310297-BMW-3-E36.html,1
Get Him to the Greek,2010,2006 bmw 3 [e90],vehicle_359057-BMW-3-E90-2006.html,1
Get Him to the Greek,2010,1988 ford festiva,vehicle_359050-Ford-Festiva-WA-1988.html,1
Get Him to the Greek,2010,2002 johnston c50,vehicle_359054-Johnston-C50-2002.html,1
Get Him to the Greek,2010,1997 lti fairway,vehicle_359053-LTI-Fairway-1997.html,2
Get Him to the Greek,2010,1979 mercedes-benz 300 td [w123],vehicle_359069-Mercedes-Benz-300-TD-W123-1979.html,1
Get Him to the Greek,2010,1998 renault kangoo van,vehicle_359056-Renault-Kangoo-Van-X76-1998.html,1
Get Him to the Greek,2010,2004 rolls-royce phantom vii,vehicle_359060-Rolls-Royce-Phantom-VII-2004.html,1
Get Him to the Greek,2010,1985 rolls-royce silver spur stretched limousine,vehicle_326649-Rolls-Royce-Silver-Spur-Stretched-Limousine-1985.html,2
Get Him to the Greek,2010,1973 triumph tr6,vehicle_359068-Triumph-TR6-1973.html,1
Get Him to the Greek,2010,1973 volkswagen station wagon [typ 2 / t2],vehicle_359051-Volkswagen-Station-Wagon-Typ-2-T2-1973.html,1
Resident Evil: Afterlife,2010,am general hmmwv m1025,vehicle_409445-AM-General-HMMWV-M1025.html,1
Resident Evil: Afterlife,2010,am general hmmwv m998,vehicle_378732-AM-General-HMMWV-M998.html,1
Resident Evil: Afterlife,2010,1990 buick lesabre,vehicle_378734-Buick-LeSabre-1990.html,1
Resident Evil: Afterlife,2010,1992 cadillac seville,vehicle_378733-Cadillac-Seville-1992.html,1
Resident Evil: Afterlife,2010,1995 omni international v-150-s,vehicle_337921-Omni-International-V-150-S-1995.html,1
Resident Evil: Afterlife,2010,toyota celsior,vehicle_378731-Toyota-Celsior-XF10.html,1
Resident Evil: Afterlife,2010,2000 toyota echo,vehicle_1373533-Toyota-Echo-NCP12-2000.html,1
Resident Evil: Afterlife,2010,1999 toyota platz,vehicle_1372075-Toyota-Platz-XP10-1999.html,1
Resident Evil: Afterlife,2010,2003 toyota raum,vehicle_378730-Toyota-Raum-NCZ20-2003.html,1
Why Did I Get Married Too?,2010,1992 ford f-350,vehicle_522575-Ford-F-350-1992.html,2
Why Did I Get Married Too?,2010,1996 kia pregio,vehicle_522577-Kia-Pregio-TP-1996.html,2
Why Did I Get Married Too?,2010,2006 land-rover range rover series iii,vehicle_522574-Land-Rover-Range-Rover-L322-2006.html,3
Tooth Fairy,2010,zamboni,vehicle_1297020-Zamboni.html,2
The Blind Side,2010,1980 bmw 320i [e21],vehicle_277083-BMW-320i-E21-1980.html,1
The Blind Side,2010,2006 bmw 750li [e66],vehicle_267621-BMW-750Li-E66-2006.html,4
The Blind Side,2010,bmw z3 [e36/7],vehicle_1297890-BMW-Z3-E36-7.html,1
The Blind Side,2010,1992 cadillac seville,vehicle_277081-Cadillac-Seville-1992.html,1
The Blind Side,2010,1981 chevrolet c-10,vehicle_267622-Chevrolet-C-10-1981.html,1
The Blind Side,2010,2006 ford f-150,vehicle_277084-Ford-F-150-P221-2006.html,2
The Blind Side,2010,1996 ford thunderbird,vehicle_277087-Ford-Thunderbird-1996.html,1
The Blind Side,2010,1986 gmc rts,vehicle_277239-GMC-RTS-1986.html,2
The Blind Side,2010,1980 oldsmobile delta 88,vehicle_277088-Oldsmobile-Delta-88-1980.html,1
Secretariat,2010,1969 cadillac fleetwood eldorado,vehicle_371639-Cadillac-Fleetwood-Eldorado-69347H-1969.html,3
Secretariat,2010,1949 chevrolet 3100,vehicle_371638-Chevrolet-3100-1949.html,3
Secretariat,2010,1961 chevrolet bel air,vehicle_371636-Chevrolet-Bel-Air-1569-1961.html,2
Secretariat,2010,1965 chevrolet c-series,vehicle_371643-Chevrolet-C-Series-1965.html,1
Secretariat,2010,1967 dodge coronet,vehicle_371641-Dodge-Coronet-1967.html,2
Secretariat,2010,1967 ford thunderbird,vehicle_371642-Ford-Thunderbird-1967.html,1
Secretariat,2010,1958 oldsmobile super 88,vehicle_371637-Oldsmobile-Super-88-1958.html,2
Secretariat,2010,1974 rolls-royce corniche,vehicle_371644-Rolls-Royce-Corniche-1974.html,1
Easy A,2010,blue bird all american,vehicle_351611-Blue-Bird-All-American.html,1
Easy A,2010,bmw 3 coupé [e46],vehicle_1307376-BMW-3-Coupe-E46.html,1
Easy A,2010,1977 chevrolet chevelle malibu,vehicle_351593-Chevrolet-Chevelle-Malibu-1977.html,1
Easy A,2010,1999 daewoo lanos,vehicle_990628-Daewoo-Lanos-T100-1999.html,1
Easy A,2010,molly trolley,vehicle_351610-Molly-Trolley.html,2
Easy A,2010,murray,vehicle_351626-Murray.html,2
Easy A,2010,piaggio vespa,vehicle_321611-Piaggio-Vespa.html,2
Easy A,2010,1983 porsche 944,vehicle_351599-Porsche-944-1983.html,1
Easy A,2010,1986 volkswagen cabriolet i [typ 17],vehicle_353831-Volkswagen-Cabriolet-Typ-17-1986.html,1
Easy A,2010,1972 volkswagen super beetle [typ 1],vehicle_351583-Volkswagen-Super-Beetle-Typ-1-1972.html,2
Easy A,2010,1993 volvo 850,vehicle_321607-Volvo-850-855-1993.html,3
Takers,2010,1997 bmw 5 [e39],vehicle_327018-BMW-5-E39-1997.html,1
Takers,2010,1991 buick park avenue,vehicle_325368-Buick-Park-Avenue-1991.html,1
Takers,2010,1998 cadillac seville sts,vehicle_360064-Cadillac-Seville-STS-1998.html,1
Takers,2010,ducati 848,vehicle_360053-Ducati-848.html,3
Takers,2010,international 4700,vehicle_325364-International-4700.html,2
Takers,2010,international durastar,vehicle_360082-International-DuraStar.html,1
Takers,2010,1991 isuzu n-series,vehicle_360049-Isuzu-N-Series-1991.html,2
Takers,2010,1984 kässbohrer setra s 215 hdh transcontinental,vehicle_360073-Kassbohrer-Setra-S-215-HDH-Transcontinental-1984.html,2
Takers,2010,2009 land-rover range rover series iii,vehicle_330848-Land-Rover-Range-Rover-L322-2009.html,3
Takers,2010,mercedes-benz s-klasse [w220],vehicle_360077-Mercedes-Benz-S-Klasse-W220.html,1
Takers,2010,1986 oldsmobile cutlass supreme,vehicle_360050-Oldsmobile-Cutlass-Supreme-1986.html,1
Takers,2010,2007 saturn ion,vehicle_327015-Saturn-ION-2007.html,1
Takers,2010,ucbc step van,vehicle_360060-UCBC-Step-Van.html,2
Takers,2010,vintage speedsters 356 a speedster,vehicle_325365-Vintage-Speedsters-356-A-Speedster.html,3
Yogi Bear,2010,1992 audi 80 b4,vehicle_787958-Audi-80-Typ-8C-1992.html,1
Yogi Bear,2010,bmw 3 [e46],vehicle_1113251-BMW-3-E46.html,1
Yogi Bear,2010,caterpillar 320,vehicle_395590-Caterpillar-320.html,1
Yogi Bear,2010,1991 chevrolet caprice,vehicle_1113254-Chevrolet-Caprice-1991.html,1
Yogi Bear,2010,1992 chevrolet caprice wagon,vehicle_1113243-Chevrolet-Caprice-Wagon-1992.html,1
Yogi Bear,2010,chevrolet chevy van,vehicle_1113238-Chevrolet-Chevy-Van.html,1
Yogi Bear,2010,jeep cj-5,vehicle_371646-Jeep-CJ-5.html,3
Yogi Bear,2010,mack metro-liner,vehicle_1113257-Mack-Metro-Liner.html,1
Yogi Bear,2010,1993 mitsubishi fp 270 j,vehicle_1113246-Mitsubishi-FP-270-J-1993.html,2
Yogi Bear,2010,volkswagen polo iii [typ 6n],vehicle_395593-Volkswagen-Polo-Typ-6N.html,1
Letters to Juliet,2010,2004 aprilia scarabeo 50,vehicle_397142-Aprilia-Scarabeo-50-2004.html,1
Letters to Juliet,2010,bmw 5 [e60],vehicle_397128-BMW-5-E60.html,1
Letters to Juliet,2010,2000 cadillac deville dts,vehicle_397130-Cadillac-DeVille-DTS-2000.html,1
Letters to Juliet,2010,2002 chrysler voyager,vehicle_397146-Chrysler-Voyager-RS-2002.html,1
Letters to Juliet,2010,2006 fiat grande punto,vehicle_397104-Fiat-Grande-Punto-199-2006.html,1
Letters to Juliet,2010,2003 fiat punto,vehicle_397153-Fiat-Punto-188-2003.html,1
Letters to Juliet,2010,2004 ford freestar,vehicle_397135-Ford-Freestar-V229-2004.html,1
Letters to Juliet,2010,freightliner business class m2 106,vehicle_397149-Freightliner-Business-Class-M2-106.html,1
Letters to Juliet,2010,2001 honda sh,vehicle_397143-Honda-SH-2001.html,1
Letters to Juliet,2010,1999 jaguar s-type [x200],vehicle_397154-Jaguar-S-Type-X200-1999.html,1
Letters to Juliet,2010,2009 lancia delta,vehicle_397097-Lancia-Delta-844-2009.html,4
Letters to Juliet,2010,2002 lancia phedra,vehicle_397156-Lancia-Phedra-179-2002.html,1
Letters to Juliet,2010,mercedes-benz c-klasse [s203],vehicle_397137-Mercedes-Benz-C-Klasse-S203.html,1
Letters to Juliet,2010,2004 mitsubishi l-200,vehicle_327013-Mitsubishi-L-200-2004.html,3
Letters to Juliet,2010,2006 opel corsa [d],vehicle_397139-Opel-Corsa-2006.html,1
Letters to Juliet,2010,piaggio beverly 200,vehicle_397144-Piaggio-Beverly-200.html,2
Letters to Juliet,2010,piaggio vespa,vehicle_397145-Piaggio-Vespa.html,1
Letters to Juliet,2010,2000 renault scénic 1,vehicle_397152-Renault-Scenic-J64-2000.html,1
Letters to Juliet,2010,2004 renault scénic 2,vehicle_397102-Renault-Scenic-J84-2004.html,1
Letters to Juliet,2010,2005 toyota yaris,vehicle_397147-Toyota-Yaris-SCP10-2005.html,1
Letters to Juliet,2010,volvo 240,vehicle_397155-Volvo-240-245.html,1
Life as We Know It,2010,1986 gmc rts,vehicle_369812-GMC-RTS-1986.html,2
Life as We Know It,2010,1998 mercedes-benz slk 230 [r170],vehicle_369810-Mercedes-Benz-SLK-230-R170-1998.html,1
Life as We Know It,2010,2010 triumph scrambler,vehicle_369804-Triumph-Scrambler-2010.html,3
Wall Street: Money Never Sleeps,2010,2006 bmw 3 [e90],vehicle_1233866-BMW-3-E90-2006.html,1
Wall Street: Money Never Sleeps,2010,bmw r 1200 gs,vehicle_368566-BMW-R-1200-GS.html,1
Wall Street: Money Never Sleeps,2010,2000 cadillac deville,vehicle_368571-Cadillac-DeVille-2000.html,1
Wall Street: Money Never Sleeps,2010,1997 chevrolet venture,vehicle_368607-Chevrolet-Venture-GMT200-1997.html,1
Wall Street: Money Never Sleeps,2010,2005 dodge magnum,vehicle_368560-Dodge-Magnum-LX-2005.html,1
Wall Street: Money Never Sleeps,2010,2009 ducati 1098r,vehicle_368587-Ducati-1098R-2009.html,1
Wall Street: Money Never Sleeps,2010,ducati desmosedici rr,vehicle_368601-Ducati-Desmosedici-RR.html,3
Wall Street: Money Never Sleeps,2010,ducati streetfighter,vehicle_368567-Ducati-Streetfighter.html,3
Wall Street: Money Never Sleeps,2010,2005 ferrari f430,vehicle_368584-Ferrari-F430-2005.html,1
Wall Street: Money Never Sleeps,2010,1999 ford windstar,vehicle_368555-Ford-Windstar-1999.html,1
Wall Street: Money Never Sleeps,2010,harley-davidson fxdb street bob,vehicle_368623-Harley-Davidson-FXDB-Street-Bob.html,1
Wall Street: Money Never Sleeps,2010,icon fj43,vehicle_368598-ICON-FJ43.html,1
Wall Street: Money Never Sleeps,2010,2001 infiniti qx4,vehicle_368552-Infiniti-QX4-JR50-2001.html,1
Wall Street: Money Never Sleeps,2010,2004 jaguar x-type [x400],vehicle_368610-Jaguar-X-Type-X400-2004.html,1
Wall Street: Money Never Sleeps,2010,2003 lamborghini gallardo,vehicle_368585-Lamborghini-Gallardo-2003.html,1
Wall Street: Money Never Sleeps,2010,2008 mercedes-benz c-klasse [w204],vehicle_368575-Mercedes-Benz-C-Klasse-W204-2008.html,1
Wall Street: Money Never Sleeps,2010,2000 mercedes-benz e 320 [s210],vehicle_1233893-Mercedes-Benz-E-320-S210-2000.html,1
Wall Street: Money Never Sleeps,2010,2007 mercedes-benz s 550 [w221],vehicle_368596-Mercedes-Benz-S-550-W221-2007.html,1
Wall Street: Money Never Sleeps,2010,motoczysz c1 990,vehicle_368600-MotoCzysz-C1-990.html,3
Wall Street: Money Never Sleeps,2010,1996 plymouth grand voyager,vehicle_368609-Plymouth-Grand-Voyager-NS-1996.html,1
Wall Street: Money Never Sleeps,2010,2008 tesla roadster,vehicle_1233864-Tesla-Roadster-2008.html,1
Wall Street: Money Never Sleeps,2010,triumph t 120 r bonneville,vehicle_1233855-Triumph-T-120-R-Bonneville.html,1
Wall Street: Money Never Sleeps,2010,1979 triumph t 140 e bonneville,vehicle_1233877-Triumph-T-140-E-Bonneville-1979.html,1
Wall Street: Money Never Sleeps,2010,utilimaster aeromaster,vehicle_368559-Utilimaster-Aeromaster.html,1
Wall Street: Money Never Sleeps,2010,van hool t2145,vehicle_368608-Van-Hool-T2145.html,1
Wall Street: Money Never Sleeps,2010,1998 volkswagen new beetle [typ 1c],vehicle_1233858-Volkswagen-New-Beetle-Typ-1C-1998.html,1
Wall Street: Money Never Sleeps,2010,1994 volvo 850,vehicle_1233851-Volvo-850-855-1994.html,1
Wall Street: Money Never Sleeps,2010,1995 volvo 960,vehicle_1233853-Volvo-960-964-1995.html,1
Hot Tub Time Machine,2010,1981 buick electra estate wagon,vehicle_310124-Buick-Electra-Estate-Wagon-1981.html,1
Hot Tub Time Machine,2010,1981 chevrolet c-10,vehicle_310121-Chevrolet-C-10-1981.html,3
Hot Tub Time Machine,2010,eagle model 10,vehicle_310123-Eagle-Model-10.html,1
Hot Tub Time Machine,2010,1968 mci mc-7,vehicle_310122-MCI-MC-7-1968.html,2
Hot Tub Time Machine,2010,1977 mercedes-benz [w123],vehicle_264656-Mercedes-Benz-W123-1977.html,1
Hot Tub Time Machine,2010,1979 pontiac firebird trans am,vehicle_310119-Pontiac-Firebird-Trans-Am-1979.html,2
Up in the Air,2010,2004 bmw 5 [e60],vehicle_269369-BMW-5-E60-2004.html,2
Up in the Air,2010,1992 ford econoline,vehicle_269367-Ford-Econoline-1992.html,2
Up in the Air,2010,2004 ford f-150,vehicle_386318-Ford-F-150-P221-2004.html,1
Up in the Air,2010,1981 ford ltd country squire,vehicle_269368-Ford-LTD-Country-Squire-1981.html,1
Up in the Air,2010,1998 kia sephia,vehicle_269363-Kia-Sephia-FB-1998.html,2
The Tourist,2010,2006 honda gold wing gl 1800,vehicle_367092-Honda-Gold-Wing-GL-1800-2006.html,1
The Tourist,2010,2007 renault twingo,vehicle_400159-Renault-Twingo-X44-2007.html,1
The Tourist,2010,2006 toyota yaris,vehicle_367091-Toyota-Yaris-XP90-2006.html,1
Kick-Ass,2010,1992 buick lesabre,vehicle_307352-Buick-LeSabre-1992.html,1
Kick-Ass,2010,1971 ford torino,vehicle_324152-Ford-Torino-1971.html,1
Kick-Ass,2010,2003 gmc topkick,vehicle_307355-GMC-TopKick-GMT560-2003.html,1
Kick-Ass,2010,international 3800,vehicle_307342-International-3800.html,1
Kick-Ass,2010,1995 land-rover range rover series ii,vehicle_307346-Land-Rover-Range-Rover-P38a-1995.html,2
Kick-Ass,2010,1984 oldsmobile delta 88 royale,vehicle_307341-Oldsmobile-Delta-88-Royale-1984.html,2
Kick-Ass,2010,1977 pontiac catalina,vehicle_307345-Pontiac-Catalina-1977.html,1
Kick-Ass,2010,2004 rolls-royce phantom vii,vehicle_307348-Rolls-Royce-Phantom-VII-2004.html,3
Killers,2010,1994 chevrolet caprice,vehicle_1322695-Chevrolet-Caprice-1994.html,2
Killers,2010,chevrolet s-10 blazer,vehicle_1322694-Chevrolet-S-10-Blazer.html,2
Killers,2010,1975 ford econoline,vehicle_1322696-Ford-Econoline-E-250-1975.html,1
Killers,2010,harley-davidson custom chopper,vehicle_1322693-Harley-Davidson-Custom-Chopper.html,2
Killers,2010,harley-davidson fxe super glide,vehicle_1322697-Harley-Davidson-FXE-Super-Glide.html,2
Killers,2010,mercedes-benz s-klasse [w126],vehicle_1322692-Mercedes-Benz-S-Klasse-W126.html,2
Killers,2010,1985 oldsmobile cutlass ciera,vehicle_1322691-Oldsmobile-Cutlass-Ciera-1985.html,1
Killers,2010,1987 toyota hilux,vehicle_1322690-Toyota-Hilux-N30-1987.html,1
Cop Out,2010,2008 bmw 1 cabriolet [e88],vehicle_354325-BMW-1-Cabriolet-E88-2008.html,1
Cop Out,2010,1998 chevrolet monte carlo,vehicle_315207-Chevrolet-Monte-Carlo-GM10-1998.html,1
Cop Out,2010,1983 ford econoline,vehicle_354328-Ford-Econoline-E-350-1983.html,1
Cop Out,2010,2006 ford f-150,vehicle_315162-Ford-F-150-P221-2006.html,1
Cop Out,2010,1995 geo metro,vehicle_315166-Geo-Metro-SF413-1995.html,2
Cop Out,2010,1993 infiniti j30,vehicle_315186-Infiniti-J30-Y32-1993.html,1
Cop Out,2010,international durastar,vehicle_354332-International-DuraStar.html,1
Cop Out,2010,mack vision,vehicle_315183-Mack-Vision.html,1
Cop Out,2010,1986 mercedes-benz 190 e [w201],vehicle_315185-Mercedes-Benz-190-E-W201-1986.html,1
Cop Out,2010,2007 mercedes-benz s 550 [w221],vehicle_315218-Mercedes-Benz-S-550-W221-2007.html,3
Cop Out,2010,mercedes-benz sl [r129],vehicle_315191-Mercedes-Benz-SL-R129.html,1
Cop Out,2010,2001 mercury cougar,vehicle_354330-Mercury-Cougar-CDW27-2001.html,1
Cop Out,2010,2000 toyota mr2 spyder,vehicle_315169-Toyota-MR2-Spyder-ZZW30-2000.html,1
The Lovely Bones,2010,1974 amc matador coupe,vehicle_335848-AMC-Matador-Coupe-1974.html,1
The Lovely Bones,2010,1964 buick lesabre,vehicle_334779-Buick-LeSabre-4469-1964.html,2
The Lovely Bones,2010,1972 buick riviera,vehicle_334777-Buick-Riviera-49487-1972.html,1
The Lovely Bones,2010,1970 cadillac ambulance,vehicle_334780-Cadillac-Ambulance-69890Z-1970.html,1
The Lovely Bones,2010,1967 chevrolet chevelle,vehicle_335841-Chevrolet-Chevelle-1967.html,1
The Lovely Bones,2010,1965 chevrolet chevelle malibu,vehicle_335840-Chevrolet-Chevelle-Malibu-1965.html,1
The Lovely Bones,2010,1970 chevrolet chevelle malibu,vehicle_335833-Chevrolet-Chevelle-Malibu-1970.html,1
The Lovely Bones,2010,1966 chrysler new yorker,vehicle_334775-Chrysler-New-Yorker-1966.html,2
The Lovely Bones,2010,1971 dodge coronet,vehicle_335843-Dodge-Coronet-1971.html,1
The Lovely Bones,2010,ford l-series,vehicle_335847-Ford-L-Series.html,2
The Lovely Bones,2010,1967 jeep wagoneer,vehicle_334770-Jeep-Wagoneer-SJ-1967.html,3
The Lovely Bones,2010,massey ferguson 135,vehicle_335845-Massey-Ferguson-135.html,1
The Lovely Bones,2010,1973 mercury cougar,vehicle_335838-Mercury-Cougar-1973.html,1
The Lovely Bones,2010,1969 oldsmobile 98,vehicle_334764-Oldsmobile-98-1969.html,2
The Lovely Bones,2010,1971 oldsmobile cutlass cruiser,vehicle_334765-Oldsmobile-Cutlass-Cruiser-1971.html,3
The Lovely Bones,2010,1947 oliver 88,vehicle_335836-Oliver-88-1947.html,1
The Lovely Bones,2010,1967 plymouth fury,vehicle_335842-Plymouth-Fury-1967.html,2
The Lovely Bones,2010,1966 pontiac catalina,vehicle_335834-Pontiac-Catalina-1966.html,1
The Lovely Bones,2010,white 4000,vehicle_335839-White-4000.html,1
Cats & Dogs: The Revenge of Kitty Galore,2010,1981 chevrolet monte carlo,vehicle_353549-Chevrolet-Monte-Carlo-1981.html,1
Cats & Dogs: The Revenge of Kitty Galore,2010,mercedes-benz 280 ge [w460],vehicle_353541-Mercedes-Benz-280-GE-W460.html,2
Cats & Dogs: The Revenge of Kitty Galore,2010,1985 oldsmobile custom cruiser,vehicle_353548-Oldsmobile-Custom-Cruiser-1985.html,1
Cats & Dogs: The Revenge of Kitty Galore,2010,piaggio vespa,vehicle_353545-Piaggio-Vespa.html,3
Cats & Dogs: The Revenge of Kitty Galore,2010,1984 plymouth gran fury,vehicle_353546-Plymouth-Gran-Fury-1984.html,1
Edge of Darkness,2010,2006 bentley continental flying spur,vehicle_254860-Bentley-Continental-Flying-Spur-2006.html,3
Edge of Darkness,2010,2004 bmw 3 cabrio [e46],vehicle_1435163-BMW-3-Cabrio-E46-2004.html,1
Edge of Darkness,2010,1996 bmw z3 [e36/7],vehicle_1435248-BMW-Z3-E36-7-1996.html,1
Edge of Darkness,2010,1979 cadillac eldorado,vehicle_306437-Cadillac-Eldorado-1979.html,1
Edge of Darkness,2010,caterpillar 966 f,vehicle_306435-Caterpillar-966-F.html,1
Edge of Darkness,2010,2007 chevrolet kodiak,vehicle_304820-Chevrolet-Kodiak-GMT560-2007.html,2
Edge of Darkness,2010,1995 chevrolet lumina,vehicle_1435261-Chevrolet-Lumina-GM10-1995.html,1
Edge of Darkness,2010,chevrolet nova,vehicle_306436-Chevrolet-Nova.html,1
Edge of Darkness,2010,1998 dodge intrepid,vehicle_254859-Dodge-Intrepid-LH-1998.html,2
Edge of Darkness,2010,2008 ford e-350,vehicle_304051-Ford-E-350-2008.html,2
Edge of Darkness,2010,1997 ford econoline,vehicle_1435174-Ford-Econoline-1997.html,1
Edge of Darkness,2010,2002 ford f-250 super duty,vehicle_304830-Ford-F-250-Super-Duty-P254-2002.html,1
Edge of Darkness,2010,2005 ford five hundred,vehicle_306438-Ford-Five-Hundred-D258-2005.html,1
Edge of Darkness,2010,gem e4,vehicle_306425-GEM-e4.html,2
Edge of Darkness,2010,2007 hyundai tiburon,vehicle_1435111-Hyundai-Tiburon-2007.html,1
Edge of Darkness,2010,2002 jaguar x-type [x400],vehicle_306433-Jaguar-X-Type-X400-2002.html,1
Edge of Darkness,2010,2006 land-rover range rover series iii,vehicle_306431-Land-Rover-Range-Rover-L322-2006.html,2
Edge of Darkness,2010,2000 mazda mpv,vehicle_1435250-Mazda-MPV-LW-2000.html,1
Edge of Darkness,2010,2004 mazda mpv,vehicle_1435331-Mazda-MPV-2004.html,1
Edge of Darkness,2010,1993 oldsmobile cutlass ciera,vehicle_254854-Oldsmobile-Cutlass-Ciera-1993.html,3
Edge of Darkness,2010,1989 plymouth acclaim,vehicle_1435156-Plymouth-Acclaim-AA-1989.html,1
Edge of Darkness,2010,2003 pontiac sunfire,vehicle_1435162-Pontiac-Sunfire-GM-J-2003.html,1
Edge of Darkness,2010,2000 saturn sl,vehicle_1435154-Saturn-SL-2000.html,1
Death at a Funeral,2010,2006 bmw 3 [e90],vehicle_337349-BMW-3-E90-2006.html,1
Death at a Funeral,2010,2000 cadillac deville funeral coach,vehicle_337345-Cadillac-DeVille-Funeral-Coach-2000.html,2
Death at a Funeral,2010,1991 dodge stealth,vehicle_337346-Dodge-Stealth-B7-1991.html,1
Death at a Funeral,2010,ford l-series,vehicle_337357-Ford-L-Series.html,2
Death at a Funeral,2010,mercedes-benz clk [c209],vehicle_337355-Mercedes-Benz-CLK-C209.html,1
Step Up 3D,2010,2002 bmw 3 [e46],vehicle_997922-BMW-3-E46-2002.html,1
Step Up 3D,2010,1997 buick century,vehicle_997926-Buick-Century-1997.html,1
Step Up 3D,2010,grumman-olson route star,vehicle_997923-Grumman-Olson-Route-Star.html,2
Step Up 3D,2010,2008 mercedes-benz s 550 [w221],vehicle_997919-Mercedes-Benz-S-550-W221-2008.html,1
Step Up 3D,2010,1973 mercury cougar,vehicle_997915-Mercury-Cougar-1973.html,3
The Last Exorcism,2010,1972 ford f-100,vehicle_367329-Ford-F-100-1972.html,2
The Last Exorcism,2010,1992 ford f-150,vehicle_367327-Ford-F-150-1992.html,2
The Last Exorcism,2010,2004 ford f-150,vehicle_367331-Ford-F-150-P221-2004.html,1
The Last Exorcism,2010,1995 gmc safari,vehicle_367325-GMC-Safari-1995.html,3
Legion,2010,1991 acura legend,vehicle_478911-Acura-Legend-KA7-1991.html,2
Legion,2010,2002 bmw 745i [e65],vehicle_390793-BMW-745i-E65-2002.html,2
Legion,2010,1996 chevrolet astro,vehicle_307362-Chevrolet-Astro-1996.html,2
Legion,2010,2000 chevrolet cavalier,vehicle_307360-Chevrolet-Cavalier-GM-J-2000.html,1
Legion,2010,1973 chevrolet chevelle laguna estate,vehicle_244043-Chevrolet-Chevelle-Laguna-Estate-1973.html,2
Legion,2010,chevrolet step-van,vehicle_244042-Chevrolet-Step-Van.html,2
Legion,2010,1995 ford contour,vehicle_244044-Ford-Contour-CDW27-1995.html,2
Legion,2010,1979 ford econoline,vehicle_307364-Ford-Econoline-1979.html,2
Legion,2010,1978 ford ltd,vehicle_307365-Ford-LTD-1978.html,2
Legion,2010,freightliner fld,vehicle_478912-Freightliner-FLD.html,1
Legion,2010,1964 plymouth savoy,vehicle_307366-Plymouth-Savoy-1964.html,2
The Crazies,2010,am general hmmwv m1025,vehicle_250719-AM-General-HMMWV-M1025.html,2
The Crazies,2010,am general hmmwv m1038,vehicle_1199387-AM-General-HMMWV-M1038.html,2
The Crazies,2010,am general m-35,vehicle_353578-AM-General-M-35-G742.html,2
The Crazies,2010,2000 blue bird all american,vehicle_353577-Blue-Bird-All-American-FE-2000.html,2
The Crazies,2010,1981 buick electra estate wagon,vehicle_250712-Buick-Electra-Estate-Wagon-1981.html,2
The Crazies,2010,1993 chrysler concorde,vehicle_250703-Chrysler-Concorde-LH-1993.html,1
The Crazies,2010,1984 dodge caravan,vehicle_353572-Dodge-Caravan-AS-1984.html,1
The Crazies,2010,1987 ford bronco,vehicle_250692-Ford-Bronco-1987.html,2
The Crazies,2010,1982 ford f-150,vehicle_250705-Ford-F-150-1982.html,1
The Crazies,2010,1973 ford ltd,vehicle_250693-Ford-LTD-1973.html,3
The Crazies,2010,freightliner fld,vehicle_250714-Freightliner-FLD.html,3
The Crazies,2010,1985 gmc k-2500,vehicle_353576-GMC-K-2500-1985.html,2
The Crazies,2010,1998 international 9200,vehicle_353571-International-9200-1998.html,1
The Crazies,2010,john deere,vehicle_250696-John-Deere.html,2
The Crazies,2010,john deere 8310,vehicle_353568-John-Deere-8310.html,1
The Crazies,2010,john deere f725,vehicle_353569-John-Deere-F725.html,1
The Crazies,2010,1984 pontiac bonneville,vehicle_250717-Pontiac-Bonneville-1984.html,1
The Fighter,2010,aec routemaster,vehicle_402676-AEC-Routemaster.html,1
The Fighter,2010,1989 cadillac brougham,vehicle_402644-Cadillac-Brougham-1989.html,1
The Fighter,2010,1989 cadillac coupe deville,vehicle_402678-Cadillac-Coupe-DeVille-1989.html,1
The Fighter,2010,1978 cadillac fleetwood brougham,vehicle_402650-Cadillac-Fleetwood-Brougham-1978.html,1
The Fighter,2010,1988 chevrolet c-1500,vehicle_402652-Chevrolet-C-1500-GMT400-1988.html,1
The Fighter,2010,1985 chevrolet c-20,vehicle_402651-Chevrolet-C-20-1985.html,2
The Fighter,2010,1987 chevrolet monte carlo,vehicle_402646-Chevrolet-Monte-Carlo-1987.html,1
The Fighter,2010,1992 chrysler new yorker fifth avenue,vehicle_402657-Chrysler-New-Yorker-Fifth-Avenue-1992.html,1
The Fighter,2010,1988 dodge dynasty,vehicle_402598-Dodge-Dynasty-1988.html,3
The Fighter,2010,1988 ford ltd crown victoria,vehicle_402610-Ford-LTD-Crown-Victoria-1988.html,2
The Fighter,2010,1994 ford tempo,vehicle_402672-Ford-Tempo-P36-1994.html,3
The Fighter,2010,1989 mazda mpv,vehicle_402648-Mazda-MPV-LV-1989.html,1
The Fighter,2010,1974 mercedes-benz sl [r107],vehicle_402619-Mercedes-Benz-SL-R107-1974.html,1
The Fighter,2010,1985 mercury cougar,vehicle_402689-Mercury-Cougar-1985.html,1
The Fighter,2010,1986 nissan 300zx,vehicle_402686-Nissan-300ZX-Z31-1986.html,1
The Fighter,2010,1984 oldsmobile delta 88 royale,vehicle_402664-Oldsmobile-Delta-88-Royale-1984.html,1
The Fighter,2010,1991 saturn sl2,vehicle_402685-Saturn-SL2-1991.html,1
The Fighter,2010,volvo 940,vehicle_402695-Volvo-940-945.html,2
Crazy Heart,2010,1964 chevrolet c-series,vehicle_356411-Chevrolet-C-Series-1964.html,1
Crazy Heart,2010,1988 chevrolet k-2500,vehicle_355151-Chevrolet-K-2500-GMT480-1988.html,2
Crazy Heart,2010,gulf stream tourmaster,vehicle_356410-Gulf-Stream-Tourmaster.html,1
Crazy Heart,2010,international prostar,vehicle_355149-International-ProStar.html,1
Crazy Heart,2010,prevost lemirage xl-ii,vehicle_356412-Prevost-LeMirage-XL-II.html,1
Crazy Heart,2010,prevost lemirage xl-ii,vehicle_356413-Prevost-LeMirage-XL-II.html,1
The Back-up Plan,2010,1998 acura integra,vehicle_333550-Acura-Integra-DC4-1998.html,1
The Back-up Plan,2010,2002 bmw 325i [e46],vehicle_333549-BMW-325i-E46-2002.html,1
The Back-up Plan,2010,ford 4600,vehicle_333552-Ford-4600.html,2
The Back-up Plan,2010,1995 gmc forward,vehicle_333557-GMC-Forward-W-Series-1995.html,1
The Back-up Plan,2010,land-rover range rover series i,vehicle_333555-Land-Rover-Range-Rover.html,1
The Back-up Plan,2010,1960 rolls-royce phantom v,vehicle_314412-Rolls-Royce-Phantom-V-1960.html,2
Burlesque,2010,1994 acura integra,vehicle_562481-Acura-Integra-DC4-1994.html,1
Burlesque,2010,1964 chevrolet c-series,vehicle_562475-Chevrolet-C-Series-1964.html,1
Burlesque,2010,1998 eldorado national e-z rider,vehicle_562478-ElDorado-National-E-Z-Rider-1998.html,1
Burlesque,2010,ford l-8000,vehicle_623793-Ford-L-8000.html,1
Burlesque,2010,land-rover range rover series iii,vehicle_562484-Land-Rover-Range-Rover-L322.html,1
Burlesque,2010,1968 mercedes-benz 280 se convertible [w111],vehicle_562491-Mercedes-Benz-280-SE-Convertible-W111-1968.html,2
Burlesque,2010,porsche 356 speedster replica,vehicle_562485-Porsche-356-Speedster-Replica.html,2
Burlesque,2010,triumph bonneville,vehicle_562479-Triumph-Bonneville.html,3
Vampires Suck,2010,1985 chevrolet astro,vehicle_357386-Chevrolet-Astro-1985.html,2
Vampires Suck,2010,1964 chevrolet c-10,vehicle_357396-Chevrolet-C-10-1964.html,3
Vampires Suck,2010,1990 chevrolet c-1500,vehicle_357388-Chevrolet-C-1500-GMT400-1990.html,1
Vampires Suck,2010,2005 chevrolet monte carlo,vehicle_373872-Chevrolet-Monte-Carlo-GMX230-2005.html,1
Vampires Suck,2010,kenworth w-900,vehicle_357410-Kenworth-W-900.html,2
Vampires Suck,2010,kenworth w-900 l,vehicle_357392-Kenworth-W-900-L.html,1
Vampires Suck,2010,2003 saturn ion,vehicle_357398-Saturn-ION-2003.html,1
Vampires Suck,2010,1996 saturn sl1,vehicle_357389-Saturn-SL1-1996.html,1
Vampires Suck,2010,suzuki dr 125 se,vehicle_357412-Suzuki-DR-125-SE.html,3
The American,2010,2009 alfa romeo 147,vehicle_347137-Alfa-Romeo-147-937-2009.html,1
The American,2010,1998 alfa romeo 156,vehicle_347141-Alfa-Romeo-156-932-1998.html,2
The American,2010,2009 alfa romeo mito,vehicle_411715-Alfa-Romeo-MiTo-955-2009.html,1
The American,2010,bmw 5 [e60],vehicle_347139-BMW-5-E60.html,2
The American,2010,2005 citroën c1,vehicle_411716-Citroen-C1-2005.html,1
The American,2010,1999 daewoo matiz,vehicle_347134-Daewoo-Matiz-M100-1999.html,1
The American,2010,fiat 315,vehicle_347131-Fiat-315.html,1
The American,2010,1982 fiat ducato,vehicle_347135-Fiat-Ducato-1982.html,1
The American,2010,2008 fiat grande punto,vehicle_335774-Fiat-Grande-Punto-199-2008.html,3
The American,2010,1993 fiat tempra,vehicle_335770-Fiat-Tempra-159-1993.html,4
The American,2010,2010 lancia delta,vehicle_335771-Lancia-Delta-844-2010.html,1
The American,2010,mitsubishi l-200,vehicle_347132-Mitsubishi-L-200.html,1
The American,2010,1994 nissan micra,vehicle_347136-Nissan-Micra-K11-1994.html,1
The American,2010,piaggio ape,vehicle_347128-Piaggio-Ape.html,2
The American,2010,piaggio vespa 125 px,vehicle_335772-Piaggio-Vespa-125-PX.html,3
The American,2010,2008 toyota aygo,vehicle_347144-Toyota-Aygo-KGB10-2008.html,1
Green Zone,2010,am general hmmwv m1025,vehicle_286919-AM-General-HMMWV-M1025.html,4
Green Zone,2010,am general m-35,vehicle_286920-AM-General-M-35-G742.html,3
Green Zone,2010,2001 bmw 5 [e39],vehicle_286923-BMW-5-E39-2001.html,2
Green Zone,2010,2000 caterpillar 320,vehicle_363408-Caterpillar-320-2000.html,1
Green Zone,2010,1987 citroën bx,vehicle_313339-Citroen-BX-1987.html,1
Green Zone,2010,1981 citroën visa ii,vehicle_313359-Citroen-Visa-II-1981.html,1
Green Zone,2010,1975 lada 1300 [21011],vehicle_313341-Lada-1300-21011-1975.html,1
Green Zone,2010,1990 land-rover defender 110 station wagon,vehicle_286922-Land-Rover-Defender-110-Station-Wagon-1990.html,3
Green Zone,2010,mercedes-benz [w123],vehicle_313360-Mercedes-Benz-W123.html,1
Green Zone,2010,1991 mercedes-benz 190 d [w201],vehicle_313272-Mercedes-Benz-190-D-W201-1991.html,2
Green Zone,2010,1994 mercedes-benz s-klasse [w140],vehicle_313337-Mercedes-Benz-S-Klasse-W140-1994.html,2
Green Zone,2010,1992 mitsubishi l-200,vehicle_286924-Mitsubishi-L-200-K30-1992.html,3
Green Zone,2010,1991 mitsubishi pajero,vehicle_286926-Mitsubishi-Pajero-V40-1991.html,3
Green Zone,2010,mitsubishi fuso fk,vehicle_254552-Mitsubishi-Fuso-FK.html,1
Green Zone,2010,1998 nissan patrol,vehicle_254555-Nissan-Patrol-Y61-1998.html,1
Green Zone,2010,1986 opel kadett [e],vehicle_313335-Opel-Kadett-1986.html,1
Green Zone,2010,1980 opel kadett caravan [d],vehicle_254554-Opel-Kadett-Caravan-1980.html,2
Green Zone,2010,1983 peugeot 205,vehicle_286927-Peugeot-205-1983.html,3
Green Zone,2010,1990 peugeot 309,vehicle_313338-Peugeot-309-1990.html,1
Green Zone,2010,1988 peugeot 405,vehicle_313351-Peugeot-405-1988.html,2
Green Zone,2010,1976 renault 12,vehicle_313273-Renault-12-R117-1976.html,1
Green Zone,2010,1981 renault 5,vehicle_313354-Renault-5-R139-1981.html,1
Green Zone,2010,1985 renault 5,vehicle_313342-Renault-5-X40-1985.html,1
Green Zone,2010,1980 volkswagen transporter [typ 2 / t3],vehicle_313332-Volkswagen-Transporter-Typ-2-T3-1980.html,1
Marmaduke,2010,1975 amc pacer,vehicle_402588-AMC-Pacer-1975.html,1
Marmaduke,2010,1939 buick,vehicle_402547-Buick-1939.html,1
Marmaduke,2010,1953 cadillac,vehicle_402545-Cadillac-1953.html,1
Marmaduke,2010,1958 cadillac,vehicle_402546-Cadillac-1958.html,1
Marmaduke,2010,1994 cadillac deville concours,vehicle_402578-Cadillac-DeVille-Concours-1994.html,1
Marmaduke,2010,1959 cadillac series 62,vehicle_402548-Cadillac-Series-62-6239A-1959.html,1
Marmaduke,2010,2007 dodge sprinter,vehicle_402542-Dodge-Sprinter-2007.html,1
Marmaduke,2010,1997 ford econoline,vehicle_402576-Ford-Econoline-E-350-1997.html,2
Marmaduke,2010,freightliner fl-series,vehicle_402575-Freightliner-FL-Series.html,2
Marmaduke,2010,mack mr,vehicle_402574-Mack-MR.html,1
Marmaduke,2010,2000 mercedes-benz s-klasse [w220],vehicle_402560-Mercedes-Benz-S-Klasse-W220-2000.html,1
Marmaduke,2010,pierce lance,vehicle_402559-Pierce-Lance.html,2
Marmaduke,2010,1990 volvo 740,vehicle_402550-Volvo-740-745-1990.html,1
Devil,2010,1987 chevrolet caprice,vehicle_398065-Chevrolet-Caprice-1987.html,2
Devil,2010,1994 chrysler concorde,vehicle_398060-Chrysler-Concorde-LH-1994.html,1
Devil,2010,2003 ford e-350,vehicle_398064-Ford-E-350-2003.html,2
Devil,2010,pierce saber,vehicle_398061-Pierce-Saber.html,2
Devil,2010,1996 pontiac sunfire,vehicle_398062-Pontiac-Sunfire-GM-J-1996.html,1
Devil,2010,1994 saab 900,vehicle_398024-SAAB-900-1994.html,1
Devil,2010,utilimaster aeromaster,vehicle_398053-Utilimaster-Aeromaster.html,2
Devil,2010,volvo 760,vehicle_398026-Volvo-760-764.html,2
Hereafter,2010,bmw 3 compact [e46/5],vehicle_382822-BMW-3-Compact-E46-5.html,1
Hereafter,2010,2003 bmw 330ci [e46],vehicle_382824-BMW-330Ci-E46-2003.html,1
Hereafter,2010,bmw 5 [e60],vehicle_382817-BMW-5-E60.html,2
Hereafter,2010,citroën c3,vehicle_382814-Citroen-C3.html,1
Hereafter,2010,2007 citroën grand c4 picasso,vehicle_382802-Citroen-Grand-C4-Picasso-2007.html,1
Hereafter,2010,2001 eti 14 trsf,vehicle_382820-ETI-14-TrSF-2001.html,1
Hereafter,2010,2006 fiat idea,vehicle_382804-Fiat-Idea-350-2006.html,1
Hereafter,2010,2004 fiat panda,vehicle_382815-Fiat-Panda-169-2004.html,1
Hereafter,2010,2000 ford ka mki,vehicle_382794-Ford-Ka-2000.html,1
Hereafter,2010,2001 ford mondeo mkiii,vehicle_382813-Ford-Mondeo-2001.html,2
Hereafter,2010,hyster 50,vehicle_382818-Hyster-50.html,2
Hereafter,2010,2006 iveco daily,vehicle_490638-Iveco-Daily-2006.html,1
Hereafter,2010,land-rover freelander series i,vehicle_382826-Land-Rover-Freelander-L314.html,1
Hereafter,2010,land-rover range rover series iii,vehicle_382831-Land-Rover-Range-Rover-L322.html,1
Hereafter,2010,2009 ldv maxus,vehicle_341373-LDV-Maxus-2009.html,1
Hereafter,2010,1995 lti fairway,vehicle_382828-LTI-Fairway-1995.html,2
Hereafter,2010,1993 mercedes-benz 308 d [t1],vehicle_382800-Mercedes-Benz-308-D-T1-1993.html,2
Hereafter,2010,mercedes-benz cls [c219],vehicle_382823-Mercedes-Benz-CLS-C219.html,1
Hereafter,2010,2010 mercedes-benz s-klasse [w221],vehicle_382803-Mercedes-Benz-S-Klasse-W221-2010.html,2
Hereafter,2010,2007 orion vii hev,vehicle_382806-Orion-VII-HEV-2007.html,1
Hereafter,2010,1996 peugeot 106,vehicle_382790-Peugeot-106-S2-1996.html,1
Hereafter,2010,renault clio 3,vehicle_382808-Renault-Clio-X85.html,1
Hereafter,2010,2008 renault laguna 3,vehicle_382807-Renault-Laguna-X91-2008.html,2
Hereafter,2010,2003 renault mégane 2,vehicle_382795-Renault-Megane-X84-2003.html,1
Hereafter,2010,2000 renault scénic 1,vehicle_382829-Renault-Scenic-J64-2000.html,1
Hereafter,2010,2003 rover streetwise [r3],vehicle_383632-Rover-Streetwise-R3-2003.html,1
Hereafter,2010,saab 900,vehicle_341370-SAAB-900.html,1
Hereafter,2010,vauxhall corsa mkiii,vehicle_382799-Vauxhall-Corsa.html,1
Hereafter,2010,volkswagen polo iv [typ 9n],vehicle_341366-Volkswagen-Polo-Typ-9N.html,1
Hereafter,2010,2000 volvo b7 tl,vehicle_382827-Volvo-B7-TL-2000.html,1
When in Rome,2010,1958 acma vespa 400,vehicle_264665-ACMA-Vespa-400-1958.html,3
When in Rome,2010,1972 chevrolet chevy van,vehicle_308297-Chevrolet-Chevy-Van-G-30-1972.html,1
When in Rome,2010,1995 chevrolet lumina,vehicle_308308-Chevrolet-Lumina-GM10-1995.html,1
When in Rome,2010,1998 chevrolet metro,vehicle_264666-Chevrolet-Metro-SF413-1998.html,1
When in Rome,2010,2002 fiat multipla,vehicle_308295-Fiat-Multipla-186-2002.html,3
When in Rome,2010,1998 mercury mystique,vehicle_308310-Mercury-Mystique-CDW27-1998.html,1
When in Rome,2010,1990 tmc rts-06,vehicle_308301-TMC-RTS-06-T80-206-1990.html,1
She's Out of My League,2010,2007 chevrolet,vehicle_1306914-Chevrolet-2007.html,1
She's Out of My League,2010,cushman commander,vehicle_309016-Cushman-Commander.html,2
She's Out of My League,2010,1997 ford econoline,vehicle_1023268-Ford-Econoline-1997.html,1
She's Out of My League,2010,2001 ford f-150,vehicle_1306912-Ford-F-150-PN96-2001.html,1
She's Out of My League,2010,1997 plymouth neon,vehicle_309013-Plymouth-Neon-PL-1997.html,3
Scott Pilgrim vs. the World,2010,1983 gmdd t6h-5307n,vehicle_309898-GMDD-T6H-5307N-1983.html,2
Scott Pilgrim vs. the World,2010,prevost h3-45,vehicle_349963-Prevost-H3-45.html,1
Scott Pilgrim vs. the World,2010,volkswagen [typ 1],vehicle_349960-Volkswagen-Typ-1.html,1
Charlie St. Cloud,2010,2000 cadillac deville funeral coach,vehicle_478757-Cadillac-DeVille-Funeral-Coach-2000.html,1
Charlie St. Cloud,2010,1992 ford econoline,vehicle_411618-Ford-Econoline-1992.html,2
Charlie St. Cloud,2010,1995 gmc suburban,vehicle_411619-GMC-Suburban-GMT425-1995.html,2
Charlie St. Cloud,2010,john deere gator th 6x4,vehicle_478768-John-Deere-Gator-TH-6x4.html,3
Love & Other Drugs,2010,1994 acura integra,vehicle_478851-Acura-Integra-DC4-1994.html,1
Love & Other Drugs,2010,1995 bmw 525i [e34],vehicle_384515-BMW-525i-E34-1995.html,1
Love & Other Drugs,2010,bmw 740il [e38],vehicle_384526-BMW-740iL-E38.html,1
Love & Other Drugs,2010,1997 buick lesabre,vehicle_384517-Buick-LeSabre-1997.html,1
Love & Other Drugs,2010,1989 cadillac sedan deville,vehicle_384514-Cadillac-Sedan-DeVille-1989.html,1
Love & Other Drugs,2010,1995 chevrolet cavalier,vehicle_384523-Chevrolet-Cavalier-GM-J-1995.html,1
Love & Other Drugs,2010,1995 chevrolet lumina,vehicle_384509-Chevrolet-Lumina-GM10-1995.html,3
Love & Other Drugs,2010,1998 ford contour,vehicle_478853-Ford-Contour-CDW27-1998.html,1
Love & Other Drugs,2010,1992 ford econoline,vehicle_384532-Ford-Econoline-1992.html,1
Love & Other Drugs,2010,freightliner fld,vehicle_384534-Freightliner-FLD.html,1
Love & Other Drugs,2010,mci 96 a3,vehicle_384511-MCI-96-A3.html,3
Love & Other Drugs,2010,1991 mercedes-benz 300 e [w124],vehicle_384537-Mercedes-Benz-300-E-W124-1991.html,1
Love & Other Drugs,2010,1992 mercedes-benz 500 sel [w140],vehicle_384536-Mercedes-Benz-500-SEL-W140-1992.html,2
Love & Other Drugs,2010,2000 mercedes-benz e 430 [w210],vehicle_384539-Mercedes-Benz-E-430-W210-2000.html,2
Love & Other Drugs,2010,1974 mercedes-benz sl [r107],vehicle_384530-Mercedes-Benz-SL-R107-1974.html,1
Love & Other Drugs,2010,1982 porsche 944,vehicle_384518-Porsche-944-1982.html,1
Love & Other Drugs,2010,1996 saturn sl1,vehicle_384527-Saturn-SL1-1996.html,1
Love & Other Drugs,2010,1988 toyota celica,vehicle_384520-Toyota-Celica-ST162-1988.html,1
Morning Glory,2010,2003 dodge sprinter,vehicle_380888-Dodge-Sprinter-VA-2003.html,3
Morning Glory,2010,1997 ford econoline,vehicle_1278237-Ford-Econoline-1997.html,1
Morning Glory,2010,1997 ford econoline,vehicle_380892-Ford-Econoline-E-350-1997.html,1
Morning Glory,2010,1982 gmc rts-04,vehicle_396569-GMC-RTS-04-T8J-204-1982.html,1
Daybreakers,2010,1957 chevrolet bel air,vehicle_236775-Chevrolet-Bel-Air-2413-1957.html,2
Daybreakers,2010,1987 chevrolet caprice,vehicle_318485-Chevrolet-Caprice-1987.html,2
Daybreakers,2010,1985 chevrolet caprice classic,vehicle_236771-Chevrolet-Caprice-Classic-1985.html,2
Daybreakers,2010,1991 chevrolet s-10 blazer,vehicle_318488-Chevrolet-S-10-Blazer-GMT330-1991.html,1
Daybreakers,2010,ferguson te 20,vehicle_318494-Ferguson-TE-20.html,1
Daybreakers,2010,1983 ford econoline,vehicle_236770-Ford-Econoline-1983.html,2
Daybreakers,2010,gaz brdm-2,vehicle_318495-GAZ-BRDM-2-41-08.html,1
Daybreakers,2010,1970 mercury cougar,vehicle_317790-Mercury-Cougar-1970.html,1
Daybreakers,2010,1997 mitsubishi diamante,vehicle_318489-Mitsubishi-Diamante-F38A-1997.html,1
Daybreakers,2010,1978 pontiac firebird trans am,vehicle_223185-Pontiac-Firebird-Trans-Am-1978.html,3
Daybreakers,2010,rhino buggies hammer,vehicle_236776-Rhino-Buggies-Hammer.html,2
Daybreakers,2010,rhino buggies hammer,vehicle_317794-Rhino-Buggies-Hammer.html,3
