Vehicle Original,Sales,% Change,Change,Movie Presence,Release,Car,Stars,Vehicle,Rank,Gross,Distributor,Year,Strong Appearance,Weak Appearance,Total Appearance,Best Rank,Highest Star
acura mdx,43271,-0.083435713,Negative,acura mdx,Thor,2010 acura mdx,2,acura mdx,8,"$181,030,624 ",Paramount Pictures,2011,0,2,2,8,2
acura rdx,15196,0.01475793,Positive,0,,,,,,,,,,,,,
acura rl,1096,-0.461953854,Negative,0,,,,,,,,,,,,,
acura tl,31237,-0.08258686,Negative,acura tl,The Smurfs,2009 acura tl,1,acura tl,17,"$142,614,158 ",Sony Pictures Entertainment (SPE),2011,0,4,4,17,1
acura tsx,30935,-0.035571767,Negative,0,,,,,,,,,,,,,
acura zdx,1564,-0.52009819,Negative,acura zdx,Thor,2010 acura zdx,2,acura zdx,8,"$181,030,624 ",Paramount Pictures,2011,0,1,1,8,2
audi a3,6561,0.000457457,Positive,audi a3,No Strings Attached,2010 audi a3,3,audi a3,48,"$70,662,220 ",Paramount Pictures,2011,1,2,3,48,3
audi a4,35234,0.016209045,Positive,audi a4,Jumping the Broom,2006 audi a4 b7,3,audi a4,89,"$37,295,394 ",TriStar Pictures,2011,1,8,9,89,3
audi a5,15385,-0.060687466,Negative,0,,,,,,,,,,,,,
audi a6,11124,0.282305476,Positive,audi a6,Contagion,2005 audi a6 c6,2,audi a6,43,"$75,658,097 ",Warner Bros.,2011,0,2,2,43,2
audi a8,5700,2.747534517,Positive,audi a8,The Girl with the Dragon Tattoo,2010 audi a8 d4,2,audi a8,67,"$50,338,690 ",Sony Pictures Entertainment (SPE),2011,0,1,1,67,2
audi q5,24908,0.059103665,Positive,0,,,,,,,,,,,,,
audi q7,8998,0.128134403,Positive,0,,,,,,,,,,,,,
audi r8,1145,0.433041302,Positive,audi r8,Bad Teacher,2008 audi r8,2,audi r8,29,"$100,292,856 ",Sony Pictures Entertainment (SPE),2011,0,2,2,29,2
audi tt,2236,0.460483344,Positive,audi tt,Cars 2,1999 audi tt,1,audi tt,7,"$191,452,396 ",Walt Disney Studios Motion Pictures,2011,0,2,2,7,1
bmw 1-series,8832,-0.327444411,Negative,bmw 1-series,Mission: Impossible - Ghost Protocol,2011 bmw 118i [f20],2,bmw 1,21,"$122,347,325 ",Paramount Pictures,2011,0,2,2,21,2
bmw 3-series,94371,-0.064800317,Negative,bmw 3-series,The Hangover Part II,1996 bmw 3 [e36],2,bmw 3,4,"$254,464,305 ",Warner Bros.,2011,0,19,19,4,2
bmw 5-series,51491,0.303965762,Positive,bmw 5-series,No Strings Attached,1986 bmw 528e [e28],3,bmw 5,48,"$70,662,220 ",Paramount Pictures,2011,1,11,12,48,3
bmw 6-series,3903,0.614143921,Positive,bmw 6-series,Mission: Impossible - Ghost Protocol,2011 bmw 6 [f12],3,bmw 6,21,"$122,347,325 ",Paramount Pictures,2011,1,0,1,21,3
bmw 7-series,11299,-0.077858484,Negative,bmw 7-series,The Twilight Saga: Breaking Dawn - Part 1,2011 bmw 750li [f02],2,bmw 7,3,"$274,841,954 ",Summit Entertainment,2011,0,4,4,3,2
bmw x3,27793,3.574979424,Positive,bmw x3,Mission: Impossible - Ghost Protocol,2011 bmw x3 [f25],3,bmw x3,21,"$122,347,325 ",Paramount Pictures,2011,1,2,3,21,3
bmw x5,40547,0.133357558,Positive,bmw x5,The Descendants,2007 bmw x5 [e70],1,bmw x5,82,"$38,295,831 ",Fox Searchlight Pictures,2011,0,1,1,82,1
bmw x6,6192,-0.010388365,Negative,0,,,,,,,,,,,,,
bmw z4,3479,-0.085436383,Negative,bmw z4,Horrible Bosses,2010 bmw z4 [e89],2,bmw z4,23,"$117,538,559 ",Warner Bros.,2011,0,1,1,23,2
buick enclave,58392,0.053512792,Positive,buick enclave,Green Lantern,2008 buick enclave,1,buick enclave,24,"$116,601,172 ",Warner Bros.,2011,0,1,1,24,1
buick lacrosse,58474,-0.044198895,Negative,buick lacrosse,New Year's Eve,2010 buick lacrosse,3,buick lacrosse,72,"$44,205,254 ",Warner Bros.,2011,1,1,2,72,3
buick lucerne,20358,-0.230583166,Negative,buick lucerne,Tower Heist,2010 buick lucerne,3,buick lucerne,42,"$76,650,420 ",Universal Pictures,2011,1,1,2,42,3
buick regal,40144,2.256855428,Positive,buick regal,The Green Hornet,1983 buick regal,2,buick regal,32,"$98,780,042 ",Sony Pictures Entertainment (SPE),2011,0,3,3,32,2
cadillac cts,55042,0.205580866,Positive,cadillac cts,Horrible Bosses,2008 cadillac cts,2,cadillac cts,23,"$117,538,559 ",Warner Bros.,2011,0,4,4,23,2
cadillac dts,11589,-0.378272532,Negative,cadillac dts,We Bought a Zoo,2006 cadillac dts,3,cadillac dts,88,"$37,297,939 ",Twentieth Century Fox,2011,1,4,5,88,3
cadillac escalade,25503,-0.051015852,Negative,cadillac escalade,Horrible Bosses,2007 cadillac escalade,3,cadillac escalade,23,"$117,538,559 ",Warner Bros.,2011,3,4,7,23,3
cadillac srx,56905,0.113731554,Positive,0,,,,,,,,,,,,,
cadillac sts,3338,-0.25374469,Negative,0,,,,,,,,,,,,,
cadillac xlr,12,-0.936170213,Negative,cadillac xlr,Transformers: Dark of the Moon,2004 cadillac xlr,1,cadillac xlr,2,"$352,390,543 ",DreamWorks,2011,0,2,2,2,1
chevrolet avalanche,20088,-0.020814039,Negative,chevrolet avalanche,Paul,2003 chevrolet avalanche,2,chevrolet avalanche,86,"$37,412,945 ",Universal Pictures,2011,0,3,3,86,2
chevrolet aveo,28601,-0.411780433,Negative,chevrolet aveo,Bad Teacher,2005 chevrolet aveo,2,chevrolet aveo,29,"$100,292,856 ",Sony Pictures Entertainment (SPE),2011,0,3,3,29,2
chevrolet camaro,88249,0.085486906,Positive,chevrolet camaro,Transformers: Dark of the Moon,2011 chevrolet camaro,5,chevrolet camaro,2,"$352,390,543 ",DreamWorks,2011,1,3,4,2,5
chevrolet cobalt,856,-0.991209333,Negative,chevrolet cobalt,The Green Hornet,2005 chevrolet cobalt,1,chevrolet cobalt,32,"$98,780,042 ",Sony Pictures Entertainment (SPE),2011,0,3,3,32,1
chevrolet colorado,31026,0.259069881,Positive,chevrolet colorado,We Bought a Zoo,2009 chevrolet colorado,2,chevrolet colorado,88,"$37,297,939 ",Twentieth Century Fox,2011,0,3,3,88,2
chevrolet corvette,13164,0.042775665,Positive,chevrolet corvette,Transformers: Dark of the Moon,2010 chevrolet corvette stingray speedster concept,3,chevrolet corvette,2,"$352,390,543 ",DreamWorks,2011,3,4,7,2,3
chevrolet cruze,231732,8.460379669,Positive,chevrolet cruze,Transformers: Dark of the Moon,2011 chevrolet cruze,3,chevrolet cruze,2,"$352,390,543 ",DreamWorks,2011,1,1,2,2,3
chevrolet equinox,193274,0.288673748,Positive,chevrolet equinox,The Green Hornet,2010 chevrolet equinox,1,chevrolet equinox,32,"$98,780,042 ",Sony Pictures Entertainment (SPE),2011,0,1,1,32,1
chevrolet hhr,37012,-0.509131179,Negative,chevrolet hhr,Rise of the Planet of the Apes,2006 chevrolet hhr,1,chevrolet hhr,9,"$176,760,185 ",Twentieth Century Fox,2011,0,7,7,9,1
chevrolet impala,171434,-0.003742489,Negative,chevrolet impala,Transformers: Dark of the Moon,2010 chevrolet impala ss nascar,4,chevrolet impala,2,"$352,390,543 ",DreamWorks,2011,5,11,16,2,4
chevrolet malibu,204808,0.030376817,Positive,chevrolet malibu,Little Fockers,2010 chevrolet malibu,3,chevrolet malibu,51,"$63,881,175 ",Universal Pictures,2011,2,9,11,51,3
chevrolet silverado,415130,0.121563754,Positive,chevrolet silverado,Thor,2007 chevrolet silverado,2,chevrolet silverado,8,"$181,030,624 ",Paramount Pictures,2011,0,8,8,8,2
chevrolet suburban,49427,0.094680191,Positive,chevrolet suburban,Transformers: Dark of the Moon,2007 chevrolet suburban,3,chevrolet suburban,2,"$352,390,543 ",DreamWorks,2011,4,11,15,2,3
chevrolet tahoe,80527,0.064116287,Positive,chevrolet tahoe,Yogi Bear,1997 chevrolet tahoe,3,chevrolet tahoe,75,"$42,827,461 ",Warner Bros.,2011,2,7,9,75,3
chevrolet trailblazer,33,-0.848623853,Negative,chevrolet trailblazer,Transformers: Dark of the Moon,2006 chevrolet trailblazer,1,chevrolet trailblazer,2,"$352,390,543 ",DreamWorks,2011,0,2,2,2,1
chevrolet traverse,107131,0.003625497,Positive,0,,,,,,,,,,,,,
chevrolet volt,7671,22.53067485,Positive,0,,,,,,,,,,,,,
chrysler 200,87033,340.3058824,Positive,0,,,,,,,,,,,,,
chrysler 300,36285,-0.022389266,Negative,chrysler 300,Contagion,2008 chrysler 300,3,chrysler 300,43,"$75,658,097 ",Warner Bros.,2011,2,9,11,43,3
chrysler pt cruiser,1328,-0.859322034,Negative,chrysler pt cruiser,Thor,2003 chrysler pt cruiser,1,chrysler pt cruiser,8,"$181,030,624 ",Paramount Pictures,2011,0,7,7,8,1
chrysler sebring,2380,-0.933117887,Negative,chrysler sebring,Zookeeper,2009 chrysler sebring,1,chrysler sebring,40,"$80,360,843 ",Sony Pictures Entertainment (SPE),2011,0,8,8,40,1
chrysler town & country,94320,-0.15991984,Negative,chrysler town & country,Dolphin Tale,2005 chrysler town & country,2,chrysler town & country,46,"$71,922,716 ",Warner Bros.,2011,0,4,4,46,2
dodge avenger,64023,0.257251144,Positive,dodge avenger,Colombiana,2008 dodge avenger,2,dodge avenger,93,"$36,665,854 ",TriStar Pictures,2011,0,4,4,93,2
dodge caliber,35049,-0.22255002,Negative,dodge caliber,Rise of the Planet of the Apes,2007 dodge caliber,1,dodge caliber,9,"$176,760,185 ",Twentieth Century Fox,2011,0,3,3,9,1
dodge challenger,39534,0.074556277,Positive,dodge challenger,In Time,1970 dodge challenger,4,dodge challenger,92,"$37,012,131 ",Twentieth Century Fox,2011,4,5,9,92,4
dodge charger,70089,-0.070400679,Negative,dodge charger,Fast Five,2011 dodge charger,4,dodge charger,6,"$209,837,675 ",Universal Pictures,2011,6,15,21,6,4
dodge dakota,12156,-0.068291561,Negative,0,,,,,,,,,,,,,
dodge durango,51697,89.37937063,Positive,dodge durango,Scream 4,2007 dodge durango,4,dodge durango,83,"$38,180,928 ",-,2011,1,3,4,83,4
dodge grand caravan,110862,0.072965361,Positive,dodge grand caravan,Hall Pass,2002 dodge grand caravan,3,dodge grand caravan,71,"$45,060,734 ",Warner Bros.,2011,1,8,9,71,3
dodge journey,55155,0.135413879,Positive,0,,,,,,,,,,,,,
dodge nitro,24434,0.080290034,Positive,dodge nitro,Just Go with It,2007 dodge nitro,1,dodge nitro,27,"$103,028,109 ",Sony Pictures Entertainment (SPE),2011,0,1,1,27,1
dodge ram,244763,0.22594815,Positive,dodge ram,Moneyball,1998 dodge ram,3,dodge ram,44,"$74,896,695 ",Sony Pictures Entertainment (SPE),2011,1,11,12,44,3
dodge viper,197,-0.49744898,Negative,dodge viper,Zookeeper,2008 dodge viper srt-10,1,dodge viper,40,"$80,360,843 ",Sony Pictures Entertainment (SPE),2011,0,2,2,40,1
ford crown victoria,46725,0.385593974,Positive,ford crown victoria,Rise of the Planet of the Apes,2001 ford crown victoria,3,ford crown victoria,9,"$176,760,185 ",Twentieth Century Fox,2011,6,65,71,9,3
ford edge,121702,0.02583511,Positive,ford edge,Battle Los Angeles,2007 ford edge,1,ford edge,37,"$83,552,429 ",Sony Pictures Entertainment (SPE),2011,0,3,3,37,1
ford escape,254293,0.331195753,Positive,ford escape,Fast Five,2009 ford escape,1,ford escape,6,"$209,837,675 ",Universal Pictures,2011,0,9,9,6,1
ford expedition,40499,0.084717163,Positive,ford expedition,"Big Mommas: Like Father, Like Son",2009 ford expedition el gen.3,4,ford expedition,84,"$37,915,414 ",Twentieth Century Fox,2011,1,3,4,84,4
ford explorer,135704,1.236129649,Positive,ford explorer,Diary of a Wimpy Kid: Rodrick Rules,2003 ford explorer,4,ford explorer,65,"$52,698,535 ",Twentieth Century Fox,2011,2,15,17,65,4
ford f-series,584917,0.107065595,Positive,ford f-series,I Am Number Four,1965 ford f-250,3,ford f-,59,"$55,100,437 ",Walt Disney Studios Motion Pictures,2011,2,28,30,59,3
ford fiesta,68574,1.946504533,Positive,ford fiesta,Larry Crowne,2011 ford fiesta mkvi,2,ford fiesta,97,"$35,608,245 ",Universal Pictures,2011,0,3,3,97,2
ford flex,27428,-0.198644345,Negative,ford flex,We Bought a Zoo,2009 ford flex,3,ford flex,88,"$37,297,939 ",Twentieth Century Fox,2011,1,2,3,88,3
ford focus,175717,0.019116001,Positive,ford focus,Fast Five,2000 ford focus,2,ford focus,6,"$209,837,675 ",Universal Pictures,2011,0,16,16,6,2
ford fusion,248067,0.131594433,Positive,ford fusion,The Ides of March,2010 ford fusion,2,ford fusion,77,"$40,796,111 ",Sony Pictures Entertainment (SPE),2011,0,7,7,77,2
ford mustang,70438,-0.044467958,Negative,ford mustang,30 Minutes or Less,1991 ford mustang,4,ford mustang,91,"$37,053,924 ",Sony Pictures Entertainment (SPE),2011,3,15,18,91,4
ford ranger,70832,0.279387328,Positive,ford ranger,Fast Five,2006 ford ranger,1,ford ranger,6,"$209,837,675 ",Universal Pictures,2011,0,4,4,6,1
ford taurus,63526,-0.077448119,Negative,ford taurus,Dolphin Tale,2002 ford taurus,3,ford taurus,46,"$71,922,716 ",Warner Bros.,2011,2,14,16,46,3
gmc acadia,79288,0.160963467,Positive,gmc acadia,Transformers: Dark of the Moon,2007 gmc acadia,2,gmc acadia,2,"$352,390,543 ",DreamWorks,2011,0,1,1,2,2
gmc canyon,9590,0.19994995,Positive,0,,,,,,,,,,,,,
gmc envoy,5,-0.94047619,Negative,gmc envoy,Thor,2004 gmc envoy xl,1,gmc envoy,8,"$181,030,624 ",Paramount Pictures,2011,0,2,2,8,1
gmc sierra,149170,0.14928271,Positive,gmc sierra,Transformers: Dark of the Moon,2003 gmc sierra,2,gmc sierra,2,"$352,390,543 ",DreamWorks,2011,0,10,10,2,2
gmc terrain,83179,0.374427866,Positive,0,,,,,,,,,,,,,
gmc yukon,34250,0.190021195,Positive,gmc yukon,The Green Hornet,2007 gmc yukon,3,gmc yukon,32,"$98,780,042 ",Sony Pictures Entertainment (SPE),2011,1,1,2,32,3
gmc yukon xl,25223,0.05992352,Positive,gmc yukon xl,Tower Heist,2011 gmc yukon xl denali,1,gmc yukon xl,42,"$76,650,420 ",Universal Pictures,2011,0,2,2,42,1
honda accord,235625,-0.243290374,Negative,honda accord,The Descendants,2006 honda accord,4,honda accord,82,"$38,295,831 ",Fox Searchlight Pictures,2011,1,19,20,82,4
honda cr-v,218373,0.071958726,Positive,honda cr-v,Dolphin Tale,2000 honda cr-v,1,honda cr-v,46,"$71,922,716 ",Warner Bros.,2011,0,5,5,46,1
honda cr-z,11330,1.158506382,Positive,0,,,,,,,,,,,,,
honda civic,221235,-0.149809006,Negative,honda civic,Cars 2,2009 honda civic,2,honda civic,7,"$191,452,396 ",Walt Disney Studios Motion Pictures,2011,0,18,18,7,2
honda element,11534,-0.190426055,Negative,honda element,The Muppets,2009 honda element,1,honda element,39,"$81,795,283 ",Walt Disney Studios Motion Pictures,2011,0,1,1,39,1
honda fcx,2,-0.882352941,Negative,0,,,,,,,,,,,,,
honda fit,59235,0.089800199,Positive,honda fit,Source Code,2009 honda fit,1,honda fit,60,"$54,712,227 ",Summit Entertainment,2011,0,1,1,60,1
honda insight,15549,-0.258229177,Negative,honda insight,Hop,2010 honda insight,2,honda insight,25,"$108,085,305 ",Universal Pictures,2011,0,1,1,25,2
honda odyssey,107068,-0.010297462,Negative,honda odyssey,Hall Pass,2008 honda odyssey,4,honda odyssey,71,"$45,060,734 ",Warner Bros.,2011,1,4,5,71,4
honda pilot,116297,0.136567536,Positive,honda pilot,Dolphin Tale,2003 honda pilot,1,honda pilot,46,"$71,922,716 ",Warner Bros.,2011,0,1,1,46,1
honda ridgeline,9759,-0.395428076,Negative,0,,,,,,,,,,,,,
honda s2000,5,-0.941176471,Negative,honda s2000,The Green Hornet,2000 honda s2000,1,honda s2000,32,"$98,780,042 ",Sony Pictures Entertainment (SPE),2011,0,1,1,32,1
hyundai accent,55601,0.06976431,Positive,hyundai accent,Paul,2008 hyundai accent,2,hyundai accent,86,"$37,412,945 ",Universal Pictures,2011,0,7,7,86,2
hyundai azera,1524,-0.500491642,Negative,0,,,,,,,,,,,,,
hyundai elantra,186361,0.409199522,Positive,hyundai elantra,Fast Five,2009 hyundai elantra touring,1,hyundai elantra,6,"$209,837,675 ",Universal Pictures,2011,0,4,4,6,1
hyundai equus,3193,15.29081633,Positive,0,,,,,,,,,,,,,
hyundai genesis,32998,0.133095254,Positive,0,,,,,,,,,,,,,
hyundai santa fe,74391,-0.02985133,Negative,hyundai santa fe,Thor,2010 hyundai santa fe,2,hyundai santa fe,8,"$181,030,624 ",Paramount Pictures,2011,0,3,3,8,2
hyundai sonata,225961,0.149209401,Positive,hyundai sonata,Transformers: Dark of the Moon,1999 hyundai sonata,1,hyundai sonata,2,"$352,390,543 ",DreamWorks,2011,0,6,6,2,1
hyundai tucson,47232,0.192908016,Positive,0,,,,,,,,,,,,,
hyundai veracruz,9146,0.046333371,Positive,0,,,,,,,,,,,,,
infiniti g,58246,0.001771494,Positive,infiniti g,The Green Hornet,infiniti g37,1,infiniti g,32,"$98,780,042 ",Sony Pictures Entertainment (SPE),2011,0,2,2,32,1
infiniti q70/m,10818,-0.259953482,Negative,0,,,,,,,,,,,,,
infiniti ex/qx50,6030,-0.27454283,Negative,0,,,,,,,,,,,,,
infiniti qx70/fx,9939,-0.046161228,Negative,0,,,,,,,,,,,,,
infiniti qx80/qx56,13428,0.126699111,Positive,0,,,,,,,,,,,,,
jaguar xf,5303,-0.234223827,Negative,jaguar xf,Rise of the Planet of the Apes,2009 jaguar xf [x250],2,jaguar xf,9,"$176,760,185 ",Twentieth Century Fox,2011,0,2,2,9,2
jaguar xj,5235,0.223702665,Positive,jaguar xj,The Green Hornet,1996 jaguar xj6 [x300],2,jaguar xj,32,"$98,780,042 ",Sony Pictures Entertainment (SPE),2011,0,2,2,32,2
jaguar xk,1738,-0.186710342,Negative,jaguar xk,In Time,1969 jaguar xk-e  [1r8763],3,jaguar xk,92,"$37,012,131 ",Twentieth Century Fox,2011,1,3,4,92,3
jeep commander,105,-0.987060998,Negative,jeep commander,Real Steel,2006 jeep commander,1,jeep commander,35,"$84,367,160 ",Walt Disney Studios Motion Pictures,2011,0,2,2,35,1
jeep compass,47709,2.001698754,Positive,0,,,,,,,,,,,,,
jeep grand cherokee,127744,0.509351923,Positive,jeep grand cherokee,Transformers: Dark of the Moon,1993 jeep grand cherokee,1,jeep grand cherokee,2,"$352,390,543 ",DreamWorks,2011,0,10,10,2,1
jeep liberty,66684,0.345411993,Positive,jeep liberty,Battle Los Angeles,2005 jeep liberty,1,jeep liberty,37,"$83,552,429 ",Sony Pictures Entertainment (SPE),2011,0,2,2,37,1
jeep patriot,54647,0.414992232,Positive,0,,,,,,,,,,,,,
jeep wrangler,122460,0.298483724,Positive,jeep wrangler,Green Lantern,2010 jeep wrangler unlimited,3,jeep wrangler,24,"$116,601,172 ",Warner Bros.,2011,2,6,8,24,3
kia amanti,8,-0.971530249,Negative,0,,,,,,,,,,,,,
kia borrego,429,-0.956380275,Negative,0,,,,,,,,,,,,,
kia forte,76295,0.11379562,Positive,0,,,,,,,,,,,,,
kia optima,84590,2.089255715,Positive,kia optima,Zookeeper,2006 kia optima,1,kia optima,40,"$80,360,843 ",Sony Pictures Entertainment (SPE),2011,0,2,2,40,1
kia rio,20111,-0.183110606,Negative,kia rio,Fast Five,2010 kia rio,1,kia rio,6,"$209,837,675 ",Universal Pictures,2011,0,2,2,6,1
kia rondo,47,-0.98690078,Negative,0,,,,,,,,,,,,,
kia sedona,24047,0.101910828,Positive,kia sedona,Transformers: Dark of the Moon,2006 kia sedona,1,kia sedona,2,"$352,390,543 ",DreamWorks,2011,0,1,1,2,1
kia sorento,130235,0.194980961,Positive,0,,,,,,,,,,,,,
kia soul,102267,0.523871256,Positive,kia soul,Thor,2010 kia soul,1,kia soul,8,"$181,030,624 ",Paramount Pictures,2011,0,2,2,8,1
kia sportage,47463,0.988145604,Positive,kia sportage,Rise of the Planet of the Apes,2000 kia sportage,1,kia sportage,9,"$176,760,185 ",Twentieth Century Fox,2011,0,1,1,9,1
land rover discovery / lr4,7984,0.121033418,Positive,land rover discovery ,,,,,,,,,,,,,
land rover lr2,2777,-0.238969581,Negative,0,,,,,,,,,,,,,
land rover range rover,9761,0.116053053,Positive,land rover range rover,Hanna,1995 land-rover range rover series ii,4,land-rover range rover,78,"$40,259,119 ",Focus Features,2011,1,4,5,78,4
land rover range rover sport,15333,0.241840123,Positive,land rover range rover sport,The Girl with the Dragon Tattoo,land-rover range rover sport,3,land-rover range rover sport,67,"$50,338,690 ",Sony Pictures Entertainment (SPE),2011,1,1,2,67,3
lexus es/es350,40873,-0.159890652,Negative,lexus es/es350,Rise of the Planet of the Apes,1995 lexus es 300,1,lexus es,9,"$176,760,185 ",Twentieth Century Fox,2011,0,3,3,9,1
lexus gs,3746,-0.469329933,Negative,lexus gs,Mission: Impossible - Ghost Protocol,1993 lexus gs 300,1,lexus gs,21,"$122,347,325 ",Paramount Pictures,2011,0,2,2,21,1
lexus gx/gx460,11609,-0.294285714,Negative,lexus gx/gx460,Zookeeper,2003 lexus gx,1,lexus gx,40,"$80,360,843 ",Sony Pictures Entertainment (SPE),2011,0,1,1,40,1
lexus hs/hs250h,2864,-0.731407671,Negative,0,,,,,,,,,,,,,
lexus is,29669,-0.130680653,Negative,lexus is,Battle Los Angeles,2006 lexus is,1,lexus is,37,"$83,552,429 ",Sony Pictures Entertainment (SPE),2011,0,1,1,37,1
lexus ls,9568,-0.220529532,Negative,lexus ls,Mission: Impossible - Ghost Protocol,2004 lexus ls 430,1,lexus ls,21,"$122,347,325 ",Paramount Pictures,2011,0,4,4,21,1
lexus lx/lx570,3167,-0.2048707,Negative,0,,,,,,,,,,,,,
lexus rx,82595,-0.137749243,Negative,lexus rx,Limitless,2006 lexus rx 400h,1,lexus rx,41,"$79,249,455 ",Relativity Media,2011,0,2,2,41,1
lexus sc430,18,-0.945121951,Negative,0,,,,,,,,,,,,,
lincoln mks,12217,-0.152597628,Negative,0,,,,,,,,,,,,,
lincoln mkt,5024,-0.324277068,Negative,lincoln mkt,Larry Crowne,2010 lincoln mkt,1,lincoln mkt,97,"$35,608,245 ",Universal Pictures,2011,0,1,1,97,1
lincoln mkx/nautilus,23395,0.066706183,Positive,lincoln mkx/nautilus,The Ides of March,2011 lincoln mkx,1,lincoln mkx,77,"$40,796,111 ",Sony Pictures Entertainment (SPE),2011,0,1,1,77,1
lincoln mkz,27529,0.221610828,Positive,lincoln mkz,Something Borrowed,2010 lincoln mkz,1,lincoln mkz,80,"$39,046,489 ",Warner Bros.,2011,0,1,1,80,1
lincoln navigator,8018,-0.027531837,Negative,lincoln navigator,Battle Los Angeles,1998 lincoln navigator,1,lincoln navigator,37,"$83,552,429 ",Sony Pictures Entertainment (SPE),2011,0,1,1,37,1
lincoln town car,9460,-0.16015625,Negative,lincoln town car,The Lincoln Lawyer,1986 lincoln town car,5,lincoln town car,56,"$58,009,200 ",Lionsgate,2011,4,21,25,56,5
mazda 2,13952,3.618338299,Positive,0,,,,,,,,,,,,,
mazda 3,102417,-0.037008829,Negative,mazda 3,Contagion,2010 mazda 3,2,mazda 3,43,"$75,658,097 ",Warner Bros.,2011,0,4,4,43,2
mazda 5,19155,0.221386214,Positive,mazda 5,Final Destination 5,2006 mazda 5,1,mazda 5,76,"$42,587,643 ",Warner Bros.,2011,0,1,1,76,1
mazda 6,35711,0.001374012,Positive,mazda 6,Fast Five,2000 mazda 626,3,mazda 6,6,"$209,837,675 ",Universal Pictures,2011,1,4,5,6,3
mazda cx-7,35641,0.238050577,Positive,mazda cx-7,Contagion,2010 mazda cx-7,3,mazda cx-7,43,"$75,658,097 ",Warner Bros.,2011,1,0,1,43,3
mazda cx-9,34421,0.190708454,Positive,mazda cx-9,Contagion,2010 mazda cx-9,1,mazda cx-9,43,"$75,658,097 ",Warner Bros.,2011,0,1,1,43,1
mazda mx-5 miata,5674,-0.109262166,Negative,0,,,,,,,,,,,,,
mazda rx-8,759,-0.330687831,Negative,mazda rx-8,Fast Five,2005 mazda rx-8,1,mazda rx-8,6,"$209,837,675 ",Universal Pictures,2011,0,1,1,6,1
mazda tribute,2696,-0.258729722,Negative,0,,,,,,,,,,,,,
mercedes-benz b-class,19,18,Positive,mercedes-benz b-class,Unknown,2005 mercedes-benz b-klasse [w245],2,mercedes-benz b,52,"$63,686,397 ",Warner Bros.,2011,0,2,2,52,2
mercedes-benz c-class,69314,0.179110317,Positive,mercedes-benz c-class,Cars 2,2007 mercedes-benz c-klasse dtm [w204],2,mercedes-benz c,7,"$191,452,396 ",Walt Disney Studios Motion Pictures,2011,0,15,15,7,2
mercedes-benz cl-class,943,-0.088888889,Negative,0,,,,,,,,,,,,,
mercedes-benz clk-class,6,-0.98974359,Negative,mercedes-benz clk-class,Limitless,1998 mercedes-benz clk 320 [c208],1,mercedes-benz clk,41,"$79,249,455 ",Relativity Media,2011,0,2,2,41,1
mercedes-benz cls-class,5665,1.653395785,Positive,mercedes-benz cls-class,Horrible Bosses,2006 mercedes-benz cls 55 amg [c219],2,mercedes-benz cls,23,"$117,538,559 ",Warner Bros.,2011,0,1,1,23,2
mercedes-benz e-class,62736,0.029775779,Positive,mercedes-benz e-class,Unknown,1994 mercedes-benz e-klasse [w124],3,mercedes-benz e,52,"$63,686,397 ",Warner Bros.,2011,4,13,17,52,3
mercedes-benz g-class,1191,0.295973885,Positive,mercedes-benz g-class,The Dilemma,2002 mercedes-benz g 55 amg [w463],2,mercedes-benz g,69,"$48,475,290 ",Universal Pictures,2011,0,1,1,69,2
mercedes-benz gl-class/gls-class,25139,0.260542546,Positive,mercedes-benz gl-class,,,,,,,,,,,,,
mercedes-benz gle-class/m-class,35835,0.206646912,Positive,0,,,,,,,,,,,,,
mercedes-benz glk-class,24310,0.160603457,Positive,0,,,,,,,,,,,,,
mercedes-benz r-class,2385,-0.187946885,Negative,mercedes-benz r-class,The Girl with the Dragon Tattoo,2006 mercedes-benz r-klasse [w251],2,mercedes-benz r,67,"$50,338,690 ",Sony Pictures Entertainment (SPE),2011,0,2,2,67,2
mercedes-benz s-class,12258,-0.099206349,Negative,mercedes-benz s-class,"Big Mommas: Like Father, Like Son",2003 mercedes-benz s 500 [w220],4,mercedes-benz s,84,"$37,915,414 ",Twentieth Century Fox,2011,1,14,15,84,4
mercedes-benz sl-class,1449,-0.39245283,Negative,mercedes-benz sl-class,Rise of the Planet of the Apes,mercedes-benz sl 63 amg [r230],1,mercedes-benz sl,9,"$176,760,185 ",Twentieth Century Fox,2011,0,9,9,9,1
mercedes-benz slk-class/slc-class,3220,0.626262626,Positive,mercedes-benz slk-class,,,,,,,,,,,,,
mercedes-benz sls amg,722,0.446893788,Positive,mercedes-benz sls amg,Transformers: Dark of the Moon,2011 mercedes-benz sls amg [c197],3,mercedes-benz sls amg,2,"$352,390,543 ",DreamWorks,2011,1,1,2,2,3
mercedes-benz sprinter,16577,0.936791681,Positive,mercedes-benz sprinter,Unknown,2009 mercedes-benz sprinter [w906],2,mercedes-benz sprinter,52,"$63,686,397 ",Warner Bros.,2011,0,3,3,52,2
mercury grand marquis,248,-0.991311355,Negative,mercury grand marquis,Transformers: Dark of the Moon,2006 mercury grand marquis,2,mercury grand marquis,2,"$352,390,543 ",DreamWorks,2011,0,9,9,2,2
mini cooper,40828,-0.105512225,Negative,mini cooper,Hall Pass,mini cooper s,2,mini cooper,71,"$45,060,734 ",Warner Bros.,2011,0,13,13,71,2
mini cooper hardtop 2-door,28067,-0.053644885,Negative,mini cooper,,,,,,,,,,,,,
mini countryman,16683,28.01391304,Positive,0,,,,,,,,,,,,,
mitsubishi eclipse/spyder,7546,0.762260626,Positive,mitsubishi eclipse/spyder,Transformers: Dark of the Moon,1995 mitsubishi eclipse 2g,1,mitsubishi eclipse,2,"$352,390,543 ",DreamWorks,2011,0,3,3,2,1
mitsubishi endeavor,9658,1.249184909,Positive,0,,,,,,,,,,,,,
mitsubishi galant,15631,0.360163592,Positive,mitsubishi galant,The Adjustment Bureau,2009 mitsubishi galant,1,mitsubishi galant,53,"$62,495,645 ",Universal Pictures,2011,0,2,2,53,1
mitsubishi lancer,19874,-0.072002241,Negative,mitsubishi lancer,Mission: Impossible - Ghost Protocol,2006 mitsubishi lancer,2,mitsubishi lancer,21,"$122,347,325 ",Paramount Pictures,2011,0,7,7,21,2
mitsubishi outlander,9788,-0.21696,Negative,0,,,,,,,,,,,,,
mitsubishi outlander sport,16443,8.729585799,Positive,0,,,,,,,,,,,,,
nissan 370z/350z,7328,-0.282623593,Negative,nissan 370z/350z,Fast Five,2009 nissan 370z,2,nissan 370z,6,"$209,837,675 ",Universal Pictures,2011,0,5,5,6,2
nissan altima,268981,0.173242084,Positive,nissan altima,Transformers: Dark of the Moon,2002 nissan altima,1,nissan altima,2,"$352,390,543 ",DreamWorks,2011,0,10,10,2,1
nissan armada,18331,-0.052367659,Negative,0,,,,,,,,,,,,,
nissan cube,14459,-0.370471961,Negative,0,,,,,,,,,,,,,
nissan frontier,51700,0.278848294,Positive,0,,,,,,,,,,,,,
nissan gt-r,1294,0.475484607,Positive,nissan gt-r,Fast Five,2010 nissan gt-r,2,nissan gt-r,6,"$209,837,675 ",Universal Pictures,2011,0,2,2,6,2
nissan juke,35886,3.153953004,Positive,0,,,,,,,,,,,,,
nissan leaf,9674,508.1578947,Positive,0,,,,,,,,,,,,,
nissan maxima,58737,-0.030246496,Negative,nissan maxima,Transformers: Dark of the Moon,1997 nissan maxima,1,nissan maxima,2,"$352,390,543 ",DreamWorks,2011,0,5,5,2,1
nissan murano,53626,-0.006907535,Negative,nissan murano,Bridesmaids,2003 nissan murano,1,nissan murano,12,"$169,106,725 ",Universal Pictures,2011,0,4,4,12,1
nissan pathfinder,25935,0.209767702,Positive,0,,,,,,,,,,,,,
nissan quest,12199,67.92090395,Positive,0,,,,,,,,,,,,,
nissan rogue,124543,0.251499774,Positive,nissan rogue,New Year's Eve,2011 nissan rogue,1,nissan rogue,72,"$44,205,254 ",Warner Bros.,2011,0,1,1,72,1
nissan sentra,114991,0.22246319,Positive,nissan sentra,Fast Five,1985 nissan sentra,1,nissan sentra,6,"$209,837,675 ",Universal Pictures,2011,0,3,3,6,1
nissan titan,21994,-0.060727708,Negative,0,,,,,,,,,,,,,
nissan versa,99730,0.00025074,Positive,nissan versa,The Muppets,2010 nissan versa,3,nissan versa,39,"$81,795,283 ",Walt Disney Studios Motion Pictures,2011,1,7,8,39,3
nissan xterra,18221,-0.112166837,Negative,nissan xterra,Insidious,2005 nissan xterra,2,nissan xterra,63,"$54,009,150 ",FilmDistrict,2011,0,3,3,63,2
porsche 911,6016,0.048631689,Positive,porsche 911,Fast Five,2001 porsche 911 carrera [996],3,porsche 911,6,"$209,837,675 ",Universal Pictures,2011,3,7,10,6,3
porsche boxster,1773,-0.185576481,Negative,porsche boxster,The Roommate,porsche boxster s [987],3,porsche boxster,87,"$37,300,000 ",Screen Gems,2011,1,0,1,87,3
porsche cayenne,12978,0.555555556,Positive,porsche cayenne,Mission: Impossible - Ghost Protocol,2007 porsche cayenne [957],2,porsche cayenne,21,"$122,347,325 ",Paramount Pictures,2011,0,1,1,21,2
porsche cayman,1377,0.041603631,Positive,porsche cayman,Fast Five,2005 porsche cayman [987c],1,porsche cayman,6,"$209,837,675 ",Universal Pictures,2011,0,2,2,6,1
porsche panamera,6879,-0.111355122,Negative,0,,,,,,,,,,,,,
ram pickup,244763,0.22594815,Positive,0,,,,,,,,,,,,,
saab 9-3,3847,-0.151334657,Negative,saab 9-3,The Girl with the Dragon Tattoo,2010 saab 9-3 sportcombi,1,saab 9-3,67,"$50,338,690 ",Sony Pictures Entertainment (SPE),2011,0,1,1,67,1
saab 9-5,1496,0.844636252,Positive,saab 9-5,Bad Teacher,2007 saab 9-5,1,saab 9-5,29,"$100,292,856 ",Sony Pictures Entertainment (SPE),2011,0,3,3,29,1
scion tc,22433,0.475466982,Positive,scion tc,Colombiana,2005 scion tc,1,scion tc,93,"$36,665,854 ",TriStar Pictures,2011,0,1,1,93,1
scion xb,17017,-0.164358672,Negative,scion xb,The Dilemma,2010 scion xb,1,scion xb,69,"$48,475,290 ",Universal Pictures,2011,0,1,1,69,1
scion xd,9573,-0.053115727,Negative,0,,,,,,,,,,,,,
smart fortwo,5208,-0.121309263,Negative,smart fortwo,Gnomeo & Juliet,smart fortwo,1,smart fortwo,31,"$99,967,673 ",Walt Disney Studios Motion Pictures,2011,0,3,3,31,1
subaru forester,76196,-0.10441937,Negative,subaru forester,Horrible Bosses,2003 subaru forester,1,subaru forester,23,"$117,538,559 ",Warner Bros.,2011,0,1,1,23,1
subaru impreza/wrx/wrx sti,41196,-0.072057664,Negative,subaru impreza/wrx/wrx sti,Fast Five,2011 subaru impreza wrx sti,2,subaru impreza,6,"$209,837,675 ",Universal Pictures,2011,0,2,2,6,2
subaru legacy,42401,0.094925759,Positive,subaru legacy,Bad Teacher,1997 subaru legacy outback,2,subaru legacy,29,"$100,292,856 ",Sony Pictures Entertainment (SPE),2011,0,5,5,29,2
subaru outback,104405,0.120850689,Positive,subaru outback,50/50,2000 subaru outback,2,subaru outback,98,"$35,014,192 ",Summit Entertainment,2011,0,3,3,98,2
subaru tribeca,2791,0.129045307,Positive,subaru tribeca,Hall Pass,2008 subaru tribeca,1,subaru tribeca,71,"$45,060,734 ",Warner Bros.,2011,0,1,1,71,1
suzuki equator,2127,0.469937802,Positive,0,,,,,,,,,,,,,
suzuki forenza/reno,1,-0.916666667,Negative,0,,,,,,,,,,,,,
suzuki grand vitara,4980,0.112103618,Positive,suzuki grand vitara,Transformers: Dark of the Moon,2006 suzuki grand vitara,1,suzuki grand vitara,2,"$352,390,543 ",DreamWorks,2011,0,3,3,2,1
suzuki kizashi,6942,0.130987292,Positive,0,,,,,,,,,,,,,
suzuki sx4/aerio,12519,0.078666207,Positive,suzuki sx4/aerio,Fast Five,2008 suzuki sx4 sport,1,suzuki sx4,6,"$209,837,675 ",Universal Pictures,2011,0,1,1,6,1
suzuki xl7,48,-0.846645367,Negative,0,,,,,,,,,,,,,
toyota 4runner,44316,-0.047602673,Negative,toyota 4runner,Rise of the Planet of the Apes,1990 toyota 4runner,1,toyota 4runner,9,"$176,760,185 ",Twentieth Century Fox,2011,0,1,1,9,1
toyota avalon,28925,0.018844664,Positive,toyota avalon,Contagion,2005 toyota avalon,1,toyota avalon,43,"$75,658,097 ",Warner Bros.,2011,0,1,1,43,1
toyota camry,308510,-0.058858342,Negative,toyota camry,The Hangover Part II,2006 toyota camry,3,toyota camry,4,"$254,464,305 ",Warner Bros.,2011,2,22,24,4,3
toyota corolla/matrix,240259,-0.09704903,Negative,toyota corolla/matrix,Bridesmaids,1987 toyota corolla,4,toyota corolla,12,"$169,106,725 ",Universal Pictures,2011,1,36,37,12,4
toyota fj cruiser,13541,-0.094792433,Negative,0,,,,,,,,,,,,,
toyota highlander,101252,0.099119636,Positive,toyota highlander,Rise of the Planet of the Apes,2004 toyota highlander,1,toyota highlander,9,"$176,760,185 ",Twentieth Century Fox,2011,0,4,4,9,1
toyota land cruiser,1662,-0.080243498,Negative,toyota land cruiser,Battle Los Angeles,1998 toyota land cruiser,1,toyota land cruiser,37,"$83,552,429 ",Sony Pictures Entertainment (SPE),2011,0,3,3,37,1
toyota prius,136463,-0.031682845,Negative,toyota prius,Horrible Bosses,2006 toyota prius ii,4,toyota prius,23,"$117,538,559 ",Warner Bros.,2011,3,10,13,23,4
toyota rav4,132237,-0.226127565,Negative,toyota rav4,Scream 4,2009 toyota rav4,3,toyota rav4,83,"$38,180,928 ",-,2011,1,5,6,83,3
toyota sequoia,13022,-0.059647603,Negative,toyota sequoia,Fast Five,2001 toyota sequoia,2,toyota sequoia,6,"$209,837,675 ",Universal Pictures,2011,0,3,3,6,2
toyota sienna,111429,0.133134019,Positive,toyota sienna,The Smurfs,2004 toyota sienna,3,toyota sienna,17,"$142,614,158 ",Sony Pictures Entertainment (SPE),2011,1,4,5,17,3
toyota tacoma,110705,0.042439594,Positive,toyota tacoma,I Am Number Four,2001 toyota tacoma,1,toyota tacoma,59,"$55,100,437 ",Walt Disney Studios Motion Pictures,2011,0,5,5,59,1
toyota tundra,82908,-0.111468347,Negative,toyota tundra,Jack and Jill,2007 toyota tundra,1,toyota tundra,47,"$71,635,888 ",Sony Pictures Entertainment (SPE),2011,0,1,1,47,1
toyota venza,38904,-0.17787029,Negative,0,,,,,,,,,,,,,
toyota yaris hatchback,32704,-0.183950494,Negative,0,,,,,,,,,,,,,
volkswagen beetle,6468,-0.608877064,Negative,0,,,,,,,,,,,,,
volkswagen cc,29502,0.054132276,Positive,0,,,,,,,,,,,,,
volkswagen eos,7533,0.126008969,Positive,volkswagen eos,Little Fockers,2007 volkswagen eos [typ 1f],2,volkswagen eos,51,"$63,881,175 ",Universal Pictures,2011,0,1,1,51,2
volkswagen golf/gti/r/sportwagen alltrack,34706,0.226967404,Positive,volkswagen golf/gti/r/sportwagen alltrack,50/50,2010 volkswagen golf vi [typ 5k],3,volkswagen golf,98,"$35,014,192 ",Summit Entertainment,2011,1,9,10,98,3
volkswagen jetta,177360,0.439458499,Positive,volkswagen jetta,Horrible Bosses,2011 volkswagen jetta a6 [typ 5k],4,volkswagen jetta,23,"$117,538,559 ",Warner Bros.,2011,1,18,19,23,4
volkswagen passat,22835,0.827238537,Positive,volkswagen passat,Fast Five,1999 volkswagen passat wagon b5 [typ 3b],2,volkswagen passat,6,"$209,837,675 ",Universal Pictures,2011,0,7,7,6,2
volkswagen routan,12473,-0.218532673,Negative,0,,,,,,,,,,,,,
volkswagen tiguan,25990,0.240809701,Positive,0,,,,,,,,,,,,,
volkswagen touareg,7535,0.598769361,Positive,volkswagen touareg,Fast Five,2004 volkswagen touareg i [typ 7l],3,volkswagen touareg,6,"$209,837,675 ",Universal Pictures,2011,2,1,3,6,3
volvo c30,3471,-0.111367127,Negative,0,,,,,,,,,,,,,
volvo c70,4933,0.129349817,Positive,0,,,,,,,,,,,,,
volvo s40,2984,-0.469322426,Negative,0,,,,,,,,,,,,,
volvo s60/v60,21282,13.81002088,Positive,volvo s60/v60,The Twilight Saga: Breaking Dawn - Part 1,2011 volvo s60,2,volvo s60,3,"$274,841,954 ",Summit Entertainment,2011,0,5,5,3,2
volvo s80,4735,-0.344545958,Negative,volvo s80,The Hangover Part II,2008 volvo s80,2,volvo s80,4,"$254,464,305 ",Warner Bros.,2011,0,2,2,4,2
volvo v50,555,-0.677325581,Negative,volvo v50,The Girl with the Dragon Tattoo,2004 volvo v50,1,volvo v50,67,"$50,338,690 ",Sony Pictures Entertainment (SPE),2011,0,1,1,67,1
volvo xc60,12932,0.074979219,Positive,volvo xc60,Scream 4,2009 volvo xc60,2,volvo xc60,83,"$38,180,928 ",-,2011,0,2,2,83,2
volvo xc70,5716,-0.13733776,Negative,volvo xc70,The Descendants,2006 volvo xc70,2,volvo xc70,82,"$38,295,831 ",Fox Searchlight Pictures,2011,0,2,2,82,2
volvo xc90,10609,0.048423757,Positive,volvo xc90,"Crazy, Stupid, Love.",2009 volvo xc90,3,volvo xc90,36,"$84,351,197 ",Warner Bros.,2011,1,3,4,36,3
