Release,Car,Stars,Vehicle,Vehicle Original,Rank,Gross,Distributor,Year,Strong Appearance,Weak Appearance,Total Appearance,Best Rank,Highest Star,Sales,% Change,Change
The Other Guys,2007 acura mdx,1,acura mdx,acura mdx,18,"$119,219,978",Sony Pictures Entertainment (SPE),2010,0,2,2,18,1,47210.0,0.5142087369298864,Positive
The Other Guys,1999 acura tl,1,acura tl,acura tl,18,"$119,219,978",Sony Pictures Entertainment (SPE),2010,0,3,3,18,1,34049.0,0.012760261748958952,Positive
Jackass 3D,2009 acura tsx,1,acura tsx,acura tsx,21,"$117,052,883",Paramount Pictures,2010,0,1,1,21,1,32076.0,0.11958115183246074,Positive
Iron Man 2,2010 acura zdx,2,acura zdx,acura zdx,4,"$312,433,331",Paramount Pictures,2010,0,1,1,4,2,3259.0,40.25316455696203,Positive
Letters to Juliet,2009 audi a3 cabriolet,2,audi a3,audi a3,63,"$53,032,453",Summit Entertainment,2010,0,2,2,63,2,6558.0,0.692823954568921,Positive
Daybreakers,2005 audi a4 b7,2,audi a4,audi a4,100,"$30,101,577",Lionsgate,2010,0,3,3,100,2,34672.0,-0.06468842729970327,Negative
The Other Guys,2005 audi a4 avant b7,1,audi a4 avant,audi a4 avant,18,"$119,219,978",Sony Pictures Entertainment (SPE),2010,0,3,3,18,1,,,
The American,2009 audi a5 sportback b8,2,audi a5,audi a5,89,"$35,606,376",Focus Features,2010,0,2,2,89,2,16379.0,0.6713265306122449,Positive
The Karate Kid,2005 faw-audi a6 l c6,2,audi a6,audi a6,11,"$176,591,618",Sony Pictures Entertainment (SPE),2010,0,2,2,11,2,8675.0,0.2783672266430887,Positive
Iron Man 2,2008 audi a8 l d3,3,audi a8,audi a8,4,"$312,433,331",Paramount Pictures,2010,1,1,2,4,3,1521.0,0.039644565960355434,Positive
Date Night,2008 audi r8,4,audi r8,audi r8,28,"$98,711,404",Twentieth Century Fox,2010,2,0,2,28,4,799.0,0.1430615164520744,Positive
Salt,2000 audi tt,1,audi tt,audi tt,19,"$118,311,368",Sony Pictures Entertainment (SPE),2010,0,2,2,19,1,1531.0,-0.20878552971576228,Negative
Get Him to the Greek,bentley continental gtc,2,bentley continental gt,bentley continental gt,53,"$60,974,475",Universal Pictures,2010,0,2,2,53,2,,,
Cop Out,2008 bmw 1 cabriolet [e88],1,bmw 1,bmw 1-series,73,"$44,875,481",Warner Bros.,2010,0,1,1,73,1,13132.0,0.17438740833482383,Positive
Iron Man 2,bmw 3 [e90],1,bmw 3,bmw 3-series,4,"$312,433,331",Paramount Pictures,2010,0,20,20,4,1,100910.0,0.10938874230430959,Positive
Eat Pray Love,2001 bmw 525i [e39],2,bmw 5,bmw 5-series,38,"$80,574,010",Sony Pictures Entertainment (SPE),2010,0,18,18,38,2,39488.0,-0.01548280934453614,Negative
The Blind Side,2006 bmw 750li [e66],4,bmw 7,bmw 7-series,57,"$59,396,157",Warner Bros.,2010,1,9,10,57,4,12253.0,0.3240760752107197,Positive
Salt,2007 bmw x3 [e83],1,bmw x3,bmw x3,19,"$118,311,368",Sony Pictures Entertainment (SPE),2010,0,1,1,19,1,6075.0,0.001318608867644635,Positive
The Blind Side,2004 bmw x5 [e53],3,bmw x5,bmw x5,57,"$59,396,157",Warner Bros.,2010,1,6,7,57,3,35776.0,0.32156181892061614,Positive
Burlesque,2006 bmw z4 [e85],2,bmw z4,bmw z4,87,"$37,403,047",Screen Gems,2010,0,1,1,87,2,3804.0,0.07976156684643769,Positive
Wall Street: Money Never Sleeps,2008 buick enclave,1,buick enclave,buick enclave,65,"$52,474,616",Twentieth Century Fox,2010,0,1,1,65,1,55426.0,0.28449594438006953,Positive
RED,2005 buick lacrosse,2,buick lacrosse,buick lacrosse,34,"$89,296,297",Summit Entertainment,2010,0,1,1,34,2,61178.0,1.1992235243367604,Positive
Percy Jackson & the Olympians: The Lightning Thief,2006 buick lucerne,1,buick lucerne,buick lucerne,35,"$88,768,303",Twentieth Century Fox,2010,0,2,2,35,1,26459.0,-0.15444842132174358,Negative
Valentine's Day,2004 cadillac cts,3,cadillac cts,cadillac cts,22,"$110,485,654",Warner Bros.,2010,1,1,2,22,3,45656.0,0.1761856918360512,Positive
Grown Ups,2006 cadillac dts,2,cadillac dts,cadillac dts,13,"$162,001,186",Sony Pictures Entertainment (SPE),2010,0,4,4,13,2,18640.0,0.07559145989613388,Positive
The Other Guys,2005 cadillac escalade,3,cadillac escalade,cadillac escalade,18,"$119,219,978",Sony Pictures Entertainment (SPE),2010,2,7,9,18,3,26874.0,0.03824756606397774,Positive
Takers,2006 cadillac xlr,3,cadillac xlr,cadillac xlr,60,"$57,744,720",Screen Gems,2010,1,0,1,60,3,188.0,-0.761118170266836,Negative
The Town,2007 chevrolet avalanche,3,chevrolet avalanche,chevrolet avalanche,32,"$92,155,037",Warner Bros.,2010,2,2,4,32,3,20515.0,0.24847857838364168,Positive
Salt,2005 chevrolet aveo,1,chevrolet aveo,chevrolet aveo,19,"$118,311,368",Sony Pictures Entertainment (SPE),2010,0,4,4,19,1,48623.0,0.2624104268356008,Positive
Valentine's Day,1998 chevrolet blazer,1,chevrolet blazer,chevrolet blazer,22,"$110,485,654",Warner Bros.,2010,0,4,4,22,1,,,
The Other Guys,1968 chevrolet camaro,2,chevrolet camaro,chevrolet camaro,18,"$119,219,978",Sony Pictures Entertainment (SPE),2010,0,5,5,18,2,81299.0,0.3187613547884765,Positive
Salt,2008 chevrolet cobalt,1,chevrolet cobalt,chevrolet cobalt,19,"$118,311,368",Sony Pictures Entertainment (SPE),2010,0,7,7,19,1,97376.0,-0.07016538711279172,Negative
The Town,2009 chevrolet colorado,1,chevrolet colorado,chevrolet colorado,32,"$92,155,037",Warner Bros.,2010,0,1,1,32,1,24642.0,-0.23974948323203654,Negative
Toy Story 3,1998 chevrolet corvette c5,3,chevrolet corvette,chevrolet corvette,2,"$415,004,880",Walt Disney Studios Motion Pictures,2010,2,1,3,2,3,12624.0,-0.09401464044782547,Negative
Date Night,2005 chevrolet equinox,1,chevrolet equinox,chevrolet equinox,28,"$98,711,404",Twentieth Century Fox,2010,0,2,2,28,1,149979.0,0.740945814180248,Positive
Salt,2003 chevrolet express,2,chevrolet express,chevrolet express,19,"$118,311,368",Sony Pictures Entertainment (SPE),2010,0,2,2,19,2,,,
Salt,2006 chevrolet hhr,1,chevrolet hhr,chevrolet hhr,19,"$118,311,368",Sony Pictures Entertainment (SPE),2010,0,5,5,19,1,75401.0,0.06435447898139522,Positive
Valentine's Day,1966 chevrolet impala,3,chevrolet impala,chevrolet impala,22,"$110,485,654",Warner Bros.,2010,2,22,24,22,3,172078.0,0.039338024340893306,Positive
Little Fockers,2010 chevrolet malibu,3,chevrolet malibu,chevrolet malibu,37,"$84,557,425",Universal Pictures,2010,1,17,18,37,3,198770.0,0.23025599128540306,Positive
Due Date,2002 chevrolet silverado,3,chevrolet silverado,chevrolet silverado,26,"$98,935,039",Warner Bros.,2010,1,3,4,26,3,370135.0,0.16930031843914276,Positive
Crazy Heart,1977 chevrolet suburban,4,chevrolet suburban,chevrolet suburban,84,"$38,983,106",Fox Searchlight Pictures,2010,8,14,22,84,4,45152.0,0.09979296066252588,Positive
Salt,2005 chevrolet tahoe,3,chevrolet tahoe,chevrolet tahoe,19,"$118,311,368",Sony Pictures Entertainment (SPE),2010,3,14,17,19,3,75675.0,0.03304938979441396,Positive
The Town,2006 chevrolet trailblazer,1,chevrolet trailblazer,chevrolet trailblazer,32,"$92,155,037",Warner Bros.,2010,0,2,2,32,1,218.0,-0.9753086419753086,Negative
The Town,2009 chevrolet traverse,1,chevrolet traverse,chevrolet traverse,32,"$92,155,037",Warner Bros.,2010,0,1,1,32,1,106744.0,0.1720578869929947,Positive
Daybreakers,2008 chrysler 300,4,chrysler 300,chrysler 300,100,"$30,101,577",Lionsgate,2010,2,9,11,100,4,37116.0,-0.038595037040874476,Negative
The Town,2009 chrysler aspen,1,chrysler aspen,chrysler aspen,32,"$92,155,037",Warner Bros.,2010,0,1,1,32,1,30.0,-0.994996664442962,Negative
Kick-Ass,2003 chrysler pt cruiser,2,chrysler pt cruiser,chrysler pt cruiser,70,"$48,071,303",Lionsgate,2010,0,6,6,70,2,9440.0,-0.47383089013990304,Negative
Up in the Air,2007 chrysler sebring,2,chrysler sebring,chrysler sebring,68,"$50,168,168",Paramount Pictures,2010,0,9,9,68,2,35585.0,0.29588492352512746,Positive
Marmaduke,2008 chrysler town & country,3,chrysler town & country,chrysler town & country,91,"$33,644,788",Twentieth Century Fox,2010,1,2,3,91,3,112275.0,0.32778684453274676,Positive
Salt,2008 dodge avenger,1,dodge avenger,dodge avenger,19,"$118,311,368",Sony Pictures Entertainment (SPE),2010,0,3,3,19,1,50923.0,0.3083346179538564,Positive
The Other Guys,2007 dodge caliber,1,dodge caliber,dodge caliber,18,"$119,219,978",Sony Pictures Entertainment (SPE),2010,0,4,4,18,1,45082.0,0.24887805418582748,Positive
The Bounty Hunter,1970 dodge challenger,1,dodge challenger,dodge challenger,47,"$67,061,228",Sony Pictures Entertainment (SPE),2010,0,1,1,47,1,36791.0,0.4231394089432152,Positive
The Town,2006 dodge charger,3,dodge charger,dodge charger,32,"$92,155,037",Warner Bros.,2010,2,6,8,32,3,75397.0,0.2431287200540799,Positive
Unstoppable,2003 dodge dakota,2,dodge dakota,dodge dakota,41,"$79,104,757",Twentieth Century Fox,2010,0,1,1,41,2,13047.0,0.2204864359214219,Positive
The Expendables,1998 dodge durango,3,dodge durango,dodge durango,25,"$103,068,524",Lionsgate,2010,1,2,3,25,3,572.0,-0.8375461516614598,Negative
Takers,1991 dodge grand caravan,1,dodge grand caravan,dodge grand caravan,60,"$57,744,720",Screen Gems,2010,0,3,3,60,1,103323.0,0.1396002911786116,Positive
Due Date,2009 dodge journey,1,dodge journey,dodge journey,26,"$98,935,039",Warner Bros.,2010,0,3,3,26,1,48577.0,-0.09751792813881767,Negative
Salt,2009 dodge ram,2,dodge ram,dodge ram,19,"$118,311,368",Sony Pictures Entertainment (SPE),2010,0,11,11,19,2,199652.0,0.1262720852043234,Positive
Letters to Juliet,2009 fiat 500 c,3,fiat 500,fiat 500,63,"$53,032,453",Summit Entertainment,2010,1,0,1,63,3,,,
Cop Out,2006 ford crown victoria,4,ford crown victoria,ford crown victoria,73,"$44,875,481",Warner Bros.,2010,13,66,79,73,4,33722.0,0.014043001052473312,Positive
Inception,2003 ford e-350,4,ford e-,ford e-series,6,"$292,558,188",Warner Bros.,2010,3,12,15,6,4,,,
Dear John,2008 ford edge,1,ford edge,ford edge,40,"$80,014,842",Screen Gems,2010,0,3,3,40,1,118637.0,0.3398043998735149,Positive
The Back-up Plan,2008 ford escape hybrid,3,ford escape,ford escape,86,"$37,490,007",CBS Films,2010,1,11,12,86,3,191026.0,0.10391576708813943,Positive
Get Him to the Greek,2008 ford expedition el stretched limousine gen.3,3,ford expedition,ford expedition,53,"$60,974,475",Universal Pictures,2010,1,2,3,53,3,37336.0,0.17946611909650925,Positive
The Other Guys,1999 ford explorer,2,ford explorer,ford explorer,18,"$119,219,978",Sony Pictures Entertainment (SPE),2010,0,12,12,18,2,60687.0,0.16280896723510252,Positive
The Expendables,1955 ford f-100,3,ford f-,ford f-series,25,"$103,068,524",Lionsgate,2010,9,40,49,25,3,528349.0,0.2773623451193714,Positive
Harry Potter and the Deathly Hallows: Part 1,2000 ford fiesta mkiv,1,ford fiesta,ford fiesta,7,"$280,230,127",Warner Bros.,2010,0,3,3,7,1,,,
Kick-Ass,2009 ford flex,2,ford flex,ford flex,70,"$48,071,303",Lionsgate,2010,0,1,1,70,2,34227.0,-0.11596972905958623,Negative
Vampires Suck,2010 ford focus,2,ford focus,ford focus,88,"$36,661,504",Twentieth Century Fox,2010,0,14,14,88,2,172421.0,0.07472278147263967,Positive
Date Night,2010 ford fusion,2,ford fusion,ford fusion,28,"$98,711,404",Twentieth Century Fox,2010,0,7,7,28,2,219219.0,0.21336019615765672,Positive
Kick-Ass,2009 ford mustang,3,ford mustang,ford mustang,70,"$48,071,303",Lionsgate,2010,1,14,15,70,3,73716.0,0.10646473440103267,Positive
Edge of Darkness,1995 ford ranger,1,ford ranger,ford ranger,76,"$43,313,890",Warner Bros.,2010,0,2,2,76,1,55364.0,-0.004244604316546763,Negative
Charlie St. Cloud,1996 ford taurus,4,ford taurus,ford taurus,97,"$31,162,545",Universal Pictures,2010,1,18,19,97,4,68859.0,0.5095030361488042,Positive
The Town,2008 ford taurus x,1,ford taurus x,ford taurus x,32,"$92,155,037",Warner Bros.,2010,0,1,1,32,1,12.0,-0.9980347199475925,Negative
Yogi Bear,2007 ford transit mkv,1,ford transit,ford transit,61,"$57,418,550",Warner Bros.,2010,0,3,3,61,1,,,
Valentine's Day,2010 ford transit connect,3,ford transit connect,ford transit connect,22,"$110,485,654",Warner Bros.,2010,1,0,1,22,3,,,
Takers,2006 gmc canyon,1,gmc canyon,gmc canyon,60,"$57,744,720",Screen Gems,2010,0,1,1,60,1,7992.0,-0.20926090828138913,Negative
Salt,2003 gmc savana,2,gmc savana,gmc savana,19,"$118,311,368",Sony Pictures Entertainment (SPE),2010,0,6,6,19,2,,,
Yogi Bear,2007 gmc sierra,1,gmc sierra,gmc sierra,61,"$57,418,550",Warner Bros.,2010,0,1,1,61,1,129794.0,0.16051215107025982,Positive
Hot Tub Time Machine,2007 gmc yukon denali,3,gmc yukon,gmc yukon,67,"$50,287,556",Metro-Goldwyn-Mayer (MGM),2010,1,6,7,67,3,28781.0,-0.021420556934480296,Negative
The Other Guys,1996 honda accord,1,honda accord,honda accord,18,"$119,219,978",Sony Pictures Entertainment (SPE),2010,0,23,23,18,1,311381.0,0.07352028573792647,Positive
The A-Team,1986 honda civic,2,honda civic,honda civic,42,"$77,222,099",Twentieth Century Fox,2010,0,21,21,42,2,260218.0,0.0019097342543180785,Positive
Tooth Fairy,1998 honda cr-v,3,honda cr-v,honda cr-v,56,"$60,022,256",Twentieth Century Fox,2010,1,4,5,56,3,203714.0,0.06537178240087023,Positive
The Bounty Hunter,2007 honda fit,1,honda fit,honda fit,47,"$67,061,228",Sony Pictures Entertainment (SPE),2010,0,3,3,47,1,54354.0,-0.19254252395454208,Negative
The Town,2002 honda odyssey,1,honda odyssey,honda odyssey,32,"$92,155,037",Warner Bros.,2010,0,3,3,32,1,108182.0,0.08038309048964877,Positive
Wall Street: Money Never Sleeps,2003 honda pilot,1,honda pilot,honda pilot,65,"$52,474,616",Twentieth Century Fox,2010,0,2,2,65,1,102323.0,0.21956830073539052,Positive
Jackass 3D,2005 hummer h2 sut,1,hummer h2,hummer h2,21,"$117,052,883",Paramount Pictures,2010,0,2,2,21,1,151.0,-0.900198281559815,Negative
The Town,2009 hyundai accent,1,hyundai accent,hyundai accent,32,"$92,155,037",Warner Bros.,2010,0,3,3,32,1,51975.0,-0.23662720676791116,Negative
Salt,2001 hyundai elantra,1,hyundai elantra,hyundai elantra,19,"$118,311,368",Sony Pictures Entertainment (SPE),2010,0,7,7,19,1,132246.0,0.28059727507770965,Positive
Inception,2009 hyundai genesis,3,hyundai genesis,hyundai genesis,6,"$292,558,188",Warner Bros.,2010,1,0,1,6,3,29122.0,0.3304399470053451,Positive
Hereafter,2006 hyundai sonata,2,hyundai sonata,hyundai sonata,93,"$32,684,455",Warner Bros.,2010,0,10,10,93,2,196623.0,0.6381427666877728,Positive
The Other Guys,hyundai tucson,1,hyundai tucson,hyundai tucson,18,"$119,219,978",Sony Pictures Entertainment (SPE),2010,0,4,4,18,1,39594.0,1.569203815456492,Positive
Edge of Darkness,2008 infiniti ex35,1,infiniti ex,infiniti ex/qx50,76,"$43,313,890",Warner Bros.,2010,0,1,1,76,1,8312.0,0.045534591194968554,Positive
Salt,2003 infiniti fx,1,infiniti fx,infiniti qx70/fx,19,"$118,311,368",Sony Pictures Entertainment (SPE),2010,0,1,1,19,1,10420.0,-0.05478955007256894,Negative
Salt,2005 infiniti g35,1,infiniti g,infiniti g,19,"$118,311,368",Sony Pictures Entertainment (SPE),2010,0,6,6,19,1,58143.0,0.23252215203289947,Positive
Marmaduke,2009 jaguar xf [x250],1,jaguar xf,jaguar xf,91,"$33,644,788",Twentieth Century Fox,2010,0,1,1,91,1,6925.0,-0.18414231856738925,Negative
The Karate Kid,jaguar xj [x350],1,jaguar xj,jaguar xj,11,"$176,591,618",Sony Pictures Entertainment (SPE),2010,0,6,6,11,1,4278.0,2.6847545219638245,Positive
A Nightmare on Elm Street,1997 jeep cherokee,3,jeep cherokee,jeep cherokee,50,"$63,075,011",Warner Bros.,2010,1,2,3,50,3,,,
Salt,2006 jeep commander,1,jeep commander,jeep commander,19,"$118,311,368",Sony Pictures Entertainment (SPE),2010,0,1,1,19,1,8115.0,-0.3587514816278151,Negative
The Town,1993 jeep grand cherokee,3,jeep grand cherokee,jeep grand cherokee,32,"$92,155,037",Warner Bros.,2010,1,12,13,32,3,84635.0,0.6816682562390717,Positive
Dear John,2002 jeep liberty,2,jeep liberty,jeep liberty,40,"$80,014,842",Screen Gems,2010,0,4,4,40,2,49564.0,0.13932372480058847,Positive
The Twilight Saga: Eclipse,2007 jeep wrangler unlimited,2,jeep wrangler,jeep wrangler,5,"$300,531,751",Summit Entertainment,2010,0,9,9,5,2,94310.0,0.14950514358149286,Positive
Salt,2007 kia amanti,2,kia amanti,kia amanti,19,"$118,311,368",Sony Pictures Entertainment (SPE),2010,0,1,1,19,2,281.0,-0.9241360691144709,Negative
Death at a Funeral,2003 kia optima,1,kia optima,kia optima,77,"$42,739,347",Screen Gems,2010,0,1,1,77,1,27382.0,-0.27033868947691,Negative
Date Night,2006 kia rio,1,kia rio,kia rio,28,"$98,711,404",Twentieth Century Fox,2010,0,4,4,28,1,24619.0,-0.28982288120925404,Negative
The Expendables,2006 kia sedona,1,kia sedona,kia sedona,25,"$103,068,524",Lionsgate,2010,0,1,1,25,1,21823.0,-0.20348200598583838,Negative
Due Date,2004 kia spectra,1,kia spectra,kia spectra,26,"$98,935,039",Warner Bros.,2010,0,4,4,26,1,272.0,-0.9942267691132147,Negative
The Expendables,land-rover defender 130 crew cab,3,land-rover defender,land rover defender,25,"$103,068,524",Lionsgate,2010,2,2,4,25,3,,,
The Other Guys,2006 land-rover range rover series iii,3,land-rover range rover,land rover range rover,18,"$119,219,978",Sony Pictures Entertainment (SPE),2010,4,5,9,18,3,8746.0,0.19611597374179432,Positive
Inception,2005 land-rover range rover sport,2,land-rover range rover sport,land rover range rover sport,6,"$292,558,188",Warner Bros.,2010,0,4,4,6,2,12347.0,0.08650123196057727,Positive
The Other Guys,2000 lexus es 300,1,lexus es,lexus es/es350,18,"$119,219,978",Sony Pictures Entertainment (SPE),2010,0,8,8,18,1,48652.0,0.0034443642363617614,Positive
Edge of Darkness,2000 lexus gs,1,lexus gs,lexus gs,76,"$43,313,890",Warner Bros.,2010,0,2,2,76,1,7059.0,-0.04993270524899058,Negative
Edge of Darkness,2001 lexus is 300,1,lexus is,lexus is,76,"$43,313,890",Warner Bros.,2010,0,1,1,76,1,34129.0,-0.10368463902093127,Negative
A Nightmare on Elm Street,2004 lexus ls 430,2,lexus ls,lexus ls,50,"$63,075,011",Warner Bros.,2010,0,1,1,50,2,12275.0,0.08302452796894301,Positive
Easy A,lexus rx,1,lexus rx,lexus rx,59,"$58,401,464",Screen Gems,2010,0,2,2,59,1,95790.0,0.025819509739877275,Positive
Secretariat,1963 lincoln continental,2,lincoln continental,lincoln continental,58,"$58,876,848",Walt Disney Studios Motion Pictures,2010,0,4,4,58,2,,,
The Other Guys,2009 lincoln mks,1,lincoln mks,lincoln mks,18,"$119,219,978",Sony Pictures Entertainment (SPE),2010,0,1,1,18,1,14417.0,-0.16053336438802843,Negative
Edge of Darkness,2007 lincoln mkx,1,lincoln mkx,lincoln mkx/nautilus,76,"$43,313,890",Warner Bros.,2010,0,1,1,76,1,21932.0,0.023281855083282788,Positive
The Other Guys,2007 lincoln mkz,1,lincoln mkz,lincoln mkz,18,"$119,219,978",Sony Pictures Entertainment (SPE),2010,0,1,1,18,1,22535.0,0.020560663013450477,Positive
Get Him to the Greek,2007 lincoln navigator l,3,lincoln navigator,lincoln navigator,53,"$60,974,475",Universal Pictures,2010,1,5,6,53,3,8245.0,0.0233337470522527,Positive
Alvin and the Chipmunks: The Squeakquel,2003 lincoln town car stretched limousine,3,lincoln town car,lincoln town car,27,"$98,887,330",Twentieth Century Fox,2010,3,27,30,27,3,11264.0,-0.009758241758241758,Negative
Iron Man 2,2008 maserati granturismo,1,maserati granturismo,maserati granturismo,4,"$312,433,331",Paramount Pictures,2010,0,1,1,4,1,,,
The American,1980 maserati quattroporte iii,1,maserati quattroporte,maserati quattroporte,89,"$35,606,376",Focus Features,2010,0,1,1,89,1,,,
The Other Guys,2004 mazda 3,1,mazda 3,mazda 3,18,"$119,219,978",Sony Pictures Entertainment (SPE),2010,0,5,5,18,1,106353.0,0.12583363326487837,Positive
The Other Guys,2008 mazda 5,1,mazda 5,mazda 5,18,"$119,219,978",Sony Pictures Entertainment (SPE),2010,0,1,1,18,1,15683.0,-0.1517200346170489,Negative
The Other Guys,2009 mazda 6,1,mazda 6,mazda 6,18,"$119,219,978",Sony Pictures Entertainment (SPE),2010,0,6,6,18,1,35662.0,0.022830264441002696,Positive
The Bounty Hunter,2007 mazda cx-9,1,mazda cx-9,mazda cx-9,47,"$67,061,228",Sony Pictures Entertainment (SPE),2010,0,1,1,47,1,28908.0,0.3679727427597956,Positive
Paranormal Activity 2,2007 mazda mx-5 miata,2,mazda mx-5 miata,mazda mx-5 miata,36,"$84,612,342",Paramount Pictures,2010,0,1,1,36,2,6370.0,-0.19540229885057472,Negative
Burlesque,mazda rx-8,1,mazda rx-8,mazda rx-8,87,"$37,403,047",Screen Gems,2010,0,1,1,87,1,1134.0,-0.4884979702300406,Negative
Inception,2005 mercedes-benz a-klasse [w169],1,mercedes-benz a,mercedes-benz a-class,6,"$292,558,188",Warner Bros.,2010,0,1,1,6,1,,,
Harry Potter and the Deathly Hallows: Part 1,mercedes-benz c-klasse [w204],1,mercedes-benz c,mercedes-benz c-class,7,"$280,230,127",Warner Bros.,2010,0,8,8,7,1,58785.0,0.12127338966563031,Positive
Valentine's Day,2007 mercedes-benz cl 550 [c216],1,mercedes-benz cl,mercedes-benz cl-class,22,"$110,485,654",Warner Bros.,2010,0,1,1,22,1,1035.0,-0.15163934426229508,Negative
Harry Potter and the Deathly Hallows: Part 1,mercedes-benz clk [a208],1,mercedes-benz clk,mercedes-benz clk-class,7,"$280,230,127",Warner Bros.,2010,0,2,2,7,1,585.0,-0.9181818181818182,Negative
The A-Team,2006 mercedes-benz cls 63 amg [c219],2,mercedes-benz cls,mercedes-benz cls-class,42,"$77,222,099",Twentieth Century Fox,2010,0,4,4,42,2,2135.0,-0.15512465373961218,Negative
The A-Team,2010 mercedes-benz e-klasse [w212],3,mercedes-benz e,mercedes-benz e-class,42,"$77,222,099",Twentieth Century Fox,2010,1,8,9,42,3,60922.0,0.4144223625557207,Positive
Sex and the City 2,2009 mercedes-benz g-klasse [w463],2,mercedes-benz g,mercedes-benz g-class,29,"$95,347,692",Warner Bros.,2010,0,2,2,29,2,919.0,0.38821752265861026,Positive
Inception,2007 mercedes-benz gl [x164],3,mercedes-benz gl,mercedes-benz gl-class,6,"$292,558,188",Warner Bros.,2010,2,0,2,6,3,,,
The A-Team,1999 mercedes-benz ml 320 [w163],2,mercedes-benz m,mercedes-benz m-class,42,"$77,222,099",Twentieth Century Fox,2010,0,3,3,42,2,,,
The Bounty Hunter,2007 mercedes-benz s 550 [w221],3,mercedes-benz s,mercedes-benz s-class,47,"$67,061,228",Sony Pictures Entertainment (SPE),2010,2,15,17,47,3,13608.0,0.21510849182962766,Positive
The Sorcerer's Apprentice,2008 mercedes-benz slr mclaren roadster [r199],3,mercedes-benz sl,mercedes-benz sl-class,49,"$63,150,991",Walt Disney Studios Motion Pictures,2010,1,4,5,49,3,2385.0,-0.4074534161490683,Negative
Life as We Know It,1998 mercedes-benz slk 230 [r170],1,mercedes-benz slk,mercedes-benz slk-class,64,"$52,727,343",Warner Bros.,2010,0,1,1,64,1,,,
The Tourist,1995 mercedes-benz sprinter [t1n],3,mercedes-benz sprinter,mercedes-benz sprinter,69,"$49,966,965",Sony Pictures Entertainment (SPE),2010,1,2,3,69,3,,,
A Nightmare on Elm Street,1983 mercury grand marquis,2,mercury grand marquis,mercury grand marquis,50,"$63,075,011",Warner Bros.,2010,0,12,12,50,2,28543.0,0.15171690271557114,Positive
The Town,2002 mercury mountaineer,1,mercury mountaineer,mercury mountaineer,32,"$92,155,037",Warner Bros.,2010,0,1,1,32,1,5791.0,0.12033275295028052,Positive
Dinner for Schmucks,2000 mercury sable,2,mercury sable,mercury sable,44,"$73,026,337",DreamWorks,2010,0,4,4,44,2,37.0,-0.9940856777493606,Negative
The Bounty Hunter,2007 mini cooper,3,mini cooper,mini cooper,47,"$67,061,228",Sony Pictures Entertainment (SPE),2010,2,9,11,47,3,45644.0,0.009264787175234936,Positive
Wall Street: Money Never Sleeps,2007 mini cooper clubman,1,mini cooper clubman,mini cooper clubman,65,"$52,474,616",Twentieth Century Fox,2010,0,1,1,65,1,,,
Get Him to the Greek,mitsubishi eclipse 2g,2,mitsubishi eclipse,mitsubishi eclipse/spyder,53,"$60,974,475",Universal Pictures,2010,0,5,5,53,2,4282.0,-0.3582134292565947,Negative
Salt,2002 mitsubishi galant,1,mitsubishi galant,mitsubishi galant,19,"$118,311,368",Sony Pictures Entertainment (SPE),2010,0,3,3,19,1,11492.0,-0.02112436115843271,Negative
Hereafter,1988 mitsubishi lancer,1,mitsubishi lancer,mitsubishi lancer,93,"$32,684,455",Warner Bros.,2010,0,1,1,93,1,21416.0,0.06457225232390515,Positive
Wall Street: Money Never Sleeps,2003 mitsubishi outlander,1,mitsubishi outlander,mitsubishi outlander,65,"$52,474,616",Twentieth Century Fox,2010,0,1,1,65,1,12500.0,0.2155985607313041,Positive
Vampires Suck,2007 nissan altima,2,nissan altima,nissan altima,88,"$36,661,504",Twentieth Century Fox,2010,0,13,13,88,2,229263.0,0.12622317849563783,Positive
Easy A,2001 nissan frontier,2,nissan frontier,nissan frontier,59,"$58,401,464",Screen Gems,2010,0,1,1,59,2,40427.0,0.42273447122998414,Positive
The Other Guys,1997 nissan maxima,1,nissan maxima,nissan maxima,18,"$119,219,978",Sony Pictures Entertainment (SPE),2010,0,4,4,18,1,60569.0,0.13529268429832617,Positive
The Town,2009 nissan murano,1,nissan murano,nissan murano,32,"$92,155,037",Warner Bros.,2010,0,3,3,32,1,53999.0,0.027651962090358924,Positive
Step Up 3D,2008 nissan pathfinder,1,nissan pathfinder,nissan pathfinder,78,"$42,400,223",Walt Disney Studios Motion Pictures,2010,0,1,1,78,1,21438.0,0.168856659942206,Positive
Percy Jackson & the Olympians: The Lightning Thief,2008 nissan rogue,1,nissan rogue,nissan rogue,35,"$88,768,303",Twentieth Century Fox,2010,0,1,1,35,1,99515.0,0.28868716168967395,Positive
The Town,2007 nissan sentra,2,nissan sentra,nissan sentra,32,"$92,155,037",Warner Bros.,2010,0,5,5,32,2,94065.0,0.13734190989770997,Positive
Jackass 3D,2006 nissan titan,1,nissan titan,nissan titan,21,"$117,052,883",Paramount Pictures,2010,0,1,1,21,1,23416.0,0.2297027623148829,Positive
The Other Guys,2009 nissan versa,1,nissan versa,nissan versa,18,"$119,219,978",Sony Pictures Entertainment (SPE),2010,0,2,2,18,1,99705.0,0.2026270716232842,Positive
The Expendables,2001 nissan xterra,3,nissan xterra,nissan xterra,25,"$103,068,524",Lionsgate,2010,1,1,2,25,3,20523.0,0.2472196900638104,Positive
Salt,2008 pontiac g5,1,pontiac g5,pontiac g5,19,"$118,311,368",Sony Pictures Entertainment (SPE),2010,0,2,2,19,1,87.0,-0.992962303834331,Negative
Due Date,2006 pontiac g6,2,pontiac g6,pontiac g6,26,"$98,935,039",Warner Bros.,2010,0,7,7,26,2,479.0,-0.9945050532860699,Negative
Takers,2008 pontiac g8,1,pontiac g8,pontiac g8,60,"$57,744,720",Screen Gems,2010,0,1,1,60,1,274.0,-0.9881677246620892,Negative
Salt,1997 pontiac grand prix,1,pontiac grand prix,pontiac grand prix,19,"$118,311,368",Sony Pictures Entertainment (SPE),2010,0,3,3,19,1,7.0,-0.9735849056603774,Negative
Takers,2006 pontiac solstice,2,pontiac solstice,pontiac solstice,60,"$57,744,720",Screen Gems,2010,0,2,2,60,2,157.0,-0.9721729883020206,Negative
The Town,2009 pontiac vibe,1,pontiac vibe,pontiac vibe,32,"$92,155,037",Warner Bros.,2010,0,2,2,32,1,97.0,-0.9971337391407127,Negative
Love & Other Drugs,porsche 911 carrera cabrio [993],4,porsche 911,porsche 911,98,"$31,099,481",Twentieth Century Fox,2010,4,3,7,98,4,5737.0,-0.1611346688112297,Negative
Dinner for Schmucks,2005 porsche boxster [987],4,porsche boxster,porsche boxster,44,"$73,026,337",DreamWorks,2010,2,1,3,44,4,2177.0,0.14038763750654792,Positive
Death at a Funeral,1999 saab 9-3,3,saab 9-3,saab 9-3,77,"$42,739,347",Screen Gems,2010,1,5,6,77,3,4533.0,-0.16488577745025793,Negative
Salt,2002 saab 9-5 sportwagon,1,saab 9-5,saab 9-5,19,"$118,311,368",Sony Pictures Entertainment (SPE),2010,0,1,1,19,1,811.0,-0.21566731141199227,Negative
Takers,2008 saturn astra,1,saturn astra,saturn astra,60,"$57,744,720",Screen Gems,2010,0,2,2,60,1,25.0,-0.9960304858685297,Negative
Edge of Darkness,2009 saturn aura,1,saturn aura,saturn aura,76,"$43,313,890",Warner Bros.,2010,0,1,1,76,1,644.0,-0.9698995092311288,Negative
Edge of Darkness,2007 saturn outlook,1,saturn outlook,saturn outlook,76,"$43,313,890",Warner Bros.,2010,0,1,1,76,1,2649.0,-0.7980175371711781,Negative
Takers,2008 saturn vue hybrid,1,saturn vue,saturn vue,60,"$57,744,720",Screen Gems,2010,0,1,1,60,1,3201.0,-0.8874037074817968,Negative
Step Up 3D,2005 scion tc,1,scion tc,scion tc,78,"$42,400,223",Walt Disney Studios Motion Pictures,2010,0,1,1,78,1,15204.0,-0.15523947105233915,Negative
Dinner for Schmucks,2005 scion xb,1,scion xb,scion xb,44,"$73,026,337",DreamWorks,2010,0,2,2,44,1,20364.0,-0.20018852362436668,Negative
Grown Ups,2008 smart fortwo,2,smart fortwo,smart fortwo,13,"$162,001,186",Sony Pictures Entertainment (SPE),2010,0,5,5,13,2,5927.0,-0.5939020212401508,Negative
Easy A,2001 subaru forester,2,subaru forester,subaru forester,59,"$58,401,464",Screen Gems,2010,0,6,6,59,2,85080.0,0.0938403980406526,Positive
Due Date,2010 subaru impreza,4,subaru impreza,subaru impreza/wrx/wrx sti,26,"$98,935,039",Warner Bros.,2010,1,4,5,26,4,44395.0,-0.04754242560768917,Negative
The Town,1996 subaru legacy,2,subaru legacy,subaru legacy,32,"$92,155,037",Warner Bros.,2010,0,4,4,32,2,38725.0,0.25024213856783106,Positive
The Other Guys,2000 subaru outback sus,1,subaru outback,subaru outback,18,"$119,219,978",Sony Pictures Entertainment (SPE),2010,0,4,4,18,1,93148.0,0.6827082881711106,Positive
Step Up 3D,2008 subaru tribeca,1,subaru tribeca,subaru tribeca,78,"$42,400,223",Walt Disney Studios Motion Pictures,2010,0,1,1,78,1,2472.0,-0.5831365935919056,Negative
Get Him to the Greek,2006 suzuki forenza,1,suzuki forenza,suzuki forenza/reno,53,"$60,974,475",Universal Pictures,2010,0,1,1,53,1,12.0,-0.9968161315998939,Negative
Salt,2007 suzuki xl7,1,suzuki xl7,suzuki xl7,19,"$118,311,368",Sony Pictures Entertainment (SPE),2010,0,1,1,19,1,313.0,-0.9282274707635864,Negative
Daybreakers,1993 toyota 4runner,2,toyota 4runner,toyota 4runner,100,"$30,101,577",Lionsgate,2010,0,4,4,100,2,46531.0,1.3649809402795425,Positive
The Other Guys,2005 toyota avalon,1,toyota avalon,toyota avalon,18,"$119,219,978",Sony Pictures Entertainment (SPE),2010,0,3,3,18,1,28390.0,0.054018934471876744,Positive
Iron Man 2,2004 toyota camry solara,1,toyota camry,toyota camry,4,"$312,433,331",Paramount Pictures,2010,0,24,24,4,1,327804.0,-0.08132861018317153,Negative
Green Zone,1987 toyota corolla,4,toyota corolla,toyota corolla/matrix,90,"$35,053,660",Universal Pictures,2010,1,17,18,90,4,266082.0,-0.10372077042785828,Negative
Crazy Heart,2007 toyota fj cruiser,1,toyota fj cruiser,toyota fj cruiser,84,"$38,983,106",Fox Searchlight Pictures,2010,0,1,1,84,1,14959.0,0.2527426513692321,Positive
It's Complicated,2008 toyota highlander hybrid,2,toyota highlander,toyota highlander,45,"$72,359,500",Universal Pictures,2010,0,6,6,45,2,92121.0,0.10831588825525157,Positive
Eat Pray Love,1971 toyota land cruiser,3,toyota land cruiser,toyota land cruiser,38,"$80,574,010",Sony Pictures Entertainment (SPE),2010,1,2,3,38,3,1807.0,-0.20079610791685096,Negative
The Other Guys,2005 toyota matrix,1,toyota matrix,toyota corolla/matrix,18,"$119,219,978",Sony Pictures Entertainment (SPE),2010,0,2,2,18,1,266082.0,-0.10372077042785828,Negative
The Other Guys,2006 toyota prius ii,4,toyota prius,toyota prius,18,"$119,219,978",Sony Pictures Entertainment (SPE),2010,5,15,20,18,4,140928.0,0.008920261737374894,Positive
Get Him to the Greek,1996 toyota rav4,3,toyota rav4,toyota rav4,53,"$60,974,475",Universal Pictures,2010,1,9,10,53,3,170877.0,0.1461485833869929,Positive
Edge of Darkness,2005 toyota sequoia,1,toyota sequoia,toyota sequoia,76,"$43,313,890",Warner Bros.,2010,0,1,1,76,1,13848.0,-0.1549398913773113,Negative
The Bounty Hunter,2004 toyota sienna,2,toyota sienna,toyota sienna,47,"$67,061,228",Sony Pictures Entertainment (SPE),2010,0,11,11,47,2,98337.0,0.16978730491054433,Positive
Takers,2005 toyota tacoma,1,toyota tacoma,toyota tacoma,60,"$57,744,720",Screen Gems,2010,0,2,2,60,1,106198.0,-0.050311203319502076,Negative
Inception,2008 toyota tundra,2,toyota tundra,toyota tundra,6,"$292,558,188",Warner Bros.,2010,0,4,4,6,2,93309.0,0.17539837500787303,Positive
Little Fockers,2007 volkswagen eos [typ 1f],2,volkswagen eos,volkswagen eos,37,"$84,557,425",Universal Pictures,2010,0,3,3,37,2,6690.0,-0.07134925041643532,Negative
Green Zone,volkswagen golf iii [typ 1h],2,volkswagen golf,volkswagen golf/gti/r/sportwagen alltrack,90,"$35,053,660",Universal Pictures,2010,0,9,9,90,2,28286.0,0.7957084814626714,Positive
The Town,1999 volkswagen gti iv [typ 1j],1,volkswagen gti,volkswagen golf/gti/r/sportwagen alltrack,32,"$92,155,037",Warner Bros.,2010,0,1,1,32,1,28286.0,0.7957084814626714,Positive
Dear John,1996 volkswagen jetta a3 [typ 1h],3,volkswagen jetta,volkswagen jetta,40,"$80,014,842",Screen Gems,2010,1,15,16,40,3,123213.0,0.1363682477611665,Positive
Inception,1978 volkswagen passat b1 [typ 32],1,volkswagen passat,volkswagen passat,6,"$292,558,188",Warner Bros.,2010,0,10,10,6,1,12497.0,0.12201472436703178,Positive
Life as We Know It,2009 volkswagen routan [rt],3,volkswagen routan,volkswagen routan,64,"$52,727,343",Warner Bros.,2010,1,0,1,64,3,15961.0,0.08718752128601594,Positive
The Book of Eli,2007 volkswagen touareg 2 i [typ 7l],1,volkswagen touareg,volkswagen touareg,30,"$94,835,059",Warner Bros.,2010,0,1,1,30,1,4713.0,0.07308743169398907,Positive
She's Out of My League,2008 volvo c30,3,volvo c30,volvo c30,95,"$32,010,860",Paramount Pictures,2010,1,1,2,95,3,3906.0,-0.08438818565400844,Negative
Inception,volvo s40,1,volvo s40,volvo s40,6,"$292,558,188",Warner Bros.,2010,0,4,4,6,1,5623.0,-0.2932378079436903,Negative
The Other Guys,2001 volvo s60,1,volvo s60,volvo s60/v60,18,"$119,219,978",Sony Pictures Entertainment (SPE),2010,0,1,1,18,1,1437.0,-0.756234096692112,Negative
The Other Guys,1999 volvo s80,1,volvo s80,volvo s80,18,"$119,219,978",Sony Pictures Entertainment (SPE),2010,0,2,2,18,1,7224.0,-0.1328772056175729,Negative
The Last Song,1997 volvo v70,3,volvo v70,volvo v70,51,"$62,950,384",Walt Disney Studios Motion Pictures,2010,1,7,8,51,3,895.0,-0.5071585903083701,Negative
The Twilight Saga: Eclipse,2010 volvo xc60,3,volvo xc60,volvo xc60,5,"$300,531,751",Summit Entertainment,2010,1,1,2,5,3,12030.0,0.2988555387605269,Positive
Cop Out,volvo xc70,2,volvo xc70,volvo xc70,73,"$44,875,481",Warner Bros.,2010,0,3,3,73,2,6626.0,0.1375107296137339,Positive
Grown Ups,2007 volvo xc90,2,volvo xc90,volvo xc90,13,"$162,001,186",Sony Pictures Entertainment (SPE),2010,0,1,1,13,2,10119.0,-0.05931021660314214,Negative
